business_name,email,phone,website
IMPORTS FROM CHINA INC.,info@importsfromchina.com,9810403562.0,http://www.importsfromchina.com/
SHABANA EXPORTS & IMPORTS,info@shabanaexim.com,,https://www.shabanaexim.com/
Import from China (Pree Import Export Co),info@preeimport.com,7405436196.0,http://www.preeimport.com/
Al Hassan Group | Global Leaders in Exports and Imports,info@alhassangroup.in,9555510115.0,http://www.alhassangroup.in/
Tennexo Import Export Pvt. Ltd.,info@tennexo.com,8076385425.0,https://tennexo.com/
Export Import International,connect@ximdeco.com,9810584667.0,https://www.ximdeco.com/
Niryat Business - A unit of NBS GLOBAL BUSINESS PRIVATE LIMITED,mail@niryatbusiness.com,9999048686.0,https://niryatbusiness.com/
Star Group,sales1@stargroup.in,9892575304.0,https://www.stargroup.in/
3A Exports Group,info@3aexports.com,7506685901.0,http://3aexports.com/
NIHAL IMPORTS,dhariwal@nihalimports.com,9819833141.0,https://www.nihalimports.com/
Libran Imports & Exports,matt@pixelspread.com,9168253921.0,http://www.libran.in/
Total Export Solutions,totalexportsolutions@gmail.com,9821055313.0,http://www.totalexportsolutions.com/
Midaspire Solutions Pvt. Ltd.,support@midaspiresolutions.com,8047488423.0,http://midaspiresolutions.com/
"Setu Ram Merchant House | SR Merchant House - International Traders | best import-export Company in India, Bangalore",john@company.com,7259600532.0,http://www.srmhouse.com/
INFIJET EXIM PRIVATE LIMITED,infijet-exim_logo_5.5_new@2x-100-2.jpg,9686116589.0,https://www.infijetexim.com/
Kireeti Consultants,info@kireeticonsultants.com,9100444999.0,https://www.kireeticonsultants.com/
Wedoimport: Your Business Import Agent,info@wedoimport.com,9247222237.0,https://wedoimport.com/
NAIRA EXPORTS,info@nairaexports.com,8142229860.0,http://www.nairaexports.com/
Doyens impex,doyensimpex@gmail.com,9052967789.0,https://doyensimpex.com/
IndiaFilings Private Limited,help@indiafilings.com,8939850396.0,https://www.indiafilings.com/
SDB INTERNATIONAL,sdbinternational.chn@gmail.com,9677297990.0,http://www.sdbinternational.in/
Mohan Mutha Exports Pvt Ltd,mutha@mmexports.com,4443444666.0,https://www.mmexports.com/
AFFHAN,info@affhan.com,9092009044.0,http://www.affhan.com/
Sri Vari Exports,sales@srivariexim.com,9884580809.0,https://www.srivariexim.com/
B2B Export Import Academy - import export course in pune,b2bhelpdeskindia@gmail.com,9822080722.0,https://www.b2bexportimportacademy.com/
Dhandeep Trading Company in Pune,gavrandanka@gmail.com,9284449557.0,https://dhandeeptradingcompany.com/
RBK INDUSTRIES LIMITED,info@rbkinternational.com,,https://rbkinternational.com/
iiiEM Pune – Export Import Training Institute with Complete Export Business Set-Up & Practical Support,info@iiiem.in,7573031444.0,https://pune.iiiem.in/
Sanghar Export,info@sanghargroup.com,2024229097.0,http://www.sanghargroup.com/
FTM EXPORT IMPORT PRIVATE LIMITED,info@ftmexportimport.com,,https://ftmexportimport.com/
Unjha Raipur Transport Company,marketing@urtcgroup.com,9327018095.0,https://www.urtcgroup.com/
OES Export Import Pvt Ltd,info@oesexportimport.com,9714779799.0,http://www.oesexportimport.com/
Paresh Solanki-international Export Import Trainer,contact@pareshsolanki.com,9714779191.0,http://www.pareshsolanki.com/
Digital Exim : Direct Export Import Trade & Business,info@digitalexim.com,9898724798.0,https://www.digitalexim.com/?utm_source=GMB&utm_campaign=Local%20Business
Proveera Exports,info@proveeraexports.com,8128887571.0,http://proveeraexports.com/
"10X Export Import Course, Training, Institute, Classes, Coaching, Company Ahmedabad India",management@10xexport.com,7863869682.0,https://www.10xexport.com/gift-export-import-training
GFE Business | Best Import Export Courses & Programs Institute (Ahmedabad),info@gfebusiness.org,9211066888.0,https://www.gfebusiness.org/?utm_source=Google&utm_medium=GMB
Jasvish Enterprise (Import & Export),info@jasvishenterprise.com,9925920194.0,https://jasvishenterprise.com/
Patel Export Industries,info@patelexportindustries.com,9909804102.0,https://www.patelexportindustries.com/
Dudhat Export House (Export & Import Company),dudhatexport@gmail.com,9428015310.0,https://dudhatexport.com/
Pacific Exports and Imports,growthwe@gmail.com,7877586549.0,https://pacificexportsimports.com/
Middha Global Private Limited,hello@middhaglobal.com,,http://www.middhaglobal.com/
OM EXPORTER INTERNATIONAL,omenterpriseslko32@gmail.com,7985117733.0,https://omexporterinternational.org/
FLICK INTERNATIONAL,info@flickin.co.in,9897965965.0,http://flickin.co.in/
AVNI ORGANIC AGRO PRODUCTS,0571singh@gmail.com,7073657499.0,https://www.avniorganicagroproducts.com/
Sharda Exports,sales@shardaindia.com,1141555700.0,http://www.shardaindia.com/
Silver Line International,silverlineinternational00@gmail.com,,www.silverlineinternational.in
Gypasia Import & Export,gypasiaimport@gmail.com,6357017383.0,https://www.gypasia.in/
Garg Sports International Private Limited,gsi@gargsports.com,9068105825.0,https://www.sportsgsi.com/
Kansin Import Export Pvt Ltd,info@kansingroup.com,9810099499.0,http://www.kansingroup.com/
KSP Inc.,john@doe.com,1204682000.0,https://kspinc.co.in/
Shahi Exports PVT. LTD,delhi@shahi.co.in,,https://www.shahi.co.in/
Alcazar Exim Pvt. Ltd.,info@alcazarexim.com,9990998581.0,https://alcazarexim.com/
ISQAA Sourcing Private Limited,info@isqaa.com,1244069228.0,https://www.isqaa.com/
Inspiration Overseas,hello@webbasil.com,,http://inspirationoverseas.com/
I I Inspection & Export Private Limited,osaka@iii-japan.com,1244576500.0,http://www.iii-japan.com/english_company.html
Gudi Exports Pvt. Ltd.,info@gudi.net,1294164450.0,http://gudi.net/
Spicora Exports Pvt Ltd,info@spicoraexport.co.in,,https://www.spicoraexport.co.in/
Pee Empro Export pvt ltd,user@domain.com,1292271213.0,https://www.pempro.com/
Rudra Exports,rudra_logo-removebg-preview_90x@2x.png,9213039298.0,https://rudraexports.in/
ABHIPRIYA GROUP (APG),sales@abhipriya.in,9015063439.0,http://www.abhipriya.in/
White Earth Pvt Ltd,mkt2@whiteearth.in,9650555120.0,http://whiteearth.in/
DEVANSH ENTERPRISES,devanshenterprises.ncr@gmail.com,8860892801.0,http://de-ship.com/
"Business Babu - Company Registration, Import Export License, MCA Filing, GST returns, Tax & Accounting, CA Services",hello@businessbabu.in,8700801681.0,https://businessbabu.in/
Nex International,enquiry@nex-int.com,9458023189.0,http://www.nex-int.com/
"Radha Exim - Digital Signature Certificate, Import Export Code, Logo Designing, Website Designing",radhaexim.in@gmail.com,8383956132.0,https://radhaexim.in/
Exporters Worlds - Best B2B portal in kanpur,help@exportersworlds.com,9910496831.0,https://www.exportersworlds.com/
Exim Coach,info@eximcoach.in,8874567555.0,http://www.eximcoach.in/
"Star International Pvt. Ltd. | Leading distributor of footwear machines, leather goods machines, and seam sealing machines",sales@stargroupindia.com,9810500171.0,http://www.stargroupindia.com/
Kinship Agency Pvt. Ltd.,ravidayal2@gmail.com,7897262626.0,https://www.kinshipagency.in/
Zazsons Exports Private Limited,zazsons@gmail.com,9307121329.0,http://zazsons.in/
New India Export - Best Export House in India,newindexport@gmail.com,9967084149.0,http://www.newindiaexport.com/
Shah Nanji Nagsi Exports Pvt. Ltd.,purchase@shahnn.com,7767005472.0,https://shahnn.com/
Enrich Global Export,info@enrichglobalexport.com,8047637947.0,http://enrichglobalexport.com/
AS Import Export,info@asimportexport.com,8087377783.0,http://www.asimportexport.com/
Brothers Agencies-Surgical & Pharmaceutical Company at Nagpur ( India),info@brothers-agencies.com,7770065786.0,https://www.brothers-agencies.com/
Global Trade House Export Import Training & Business Consultancy,gthindore@gmail.com,7509607861.0,https://eximgth.com/
Chhaya Global Exports Pvt Ltd,business@chhayaglobal.com,8878817746.0,https://www.chhayaglobal.com/
AKSHAJ OVERSEAS,akshajoverseas@gmail.com,7509450239.0,http://www.akshajoverseas.com/
ND GLOBAL,info@ndglobal.in,,https://nd-global.vercel.app/
FOREIGN TRADE MANAGEMENT AND TRAINING CENTRE | Export Import Classes | Export Import Consultancy | Export Import Online Training | IEC Consultant | Indore,foreigntrademtc@gmail.com,8048040239.0,https://www.exportimportclass.com/
ExportWala.com,info@exportwala.com,7803826151.0,http://exportwala.com/
Stedder Global Private Limited,icon@2x.png,7224939723.0,https://stedderglobal.com/
Nehashi International Exporter,info@nehashiinternational.com,8803444499.0,http://www.nehashiinternational.com/
Shobha Luxe Trading Pvt. Ltd.,shobhaluxe@gmail.com,8866058661.0,https://shobhaluxe.com/
JANAV TRADERS (OPC) PRIVATE LIMITED,janvatraders@gmail.com,9229109958.0,https://www.janavtraders.com/
Shibhya Exim Private Limited,shibhyaexim@gmail.com,9110988619.0,https://www.shibhyaexim.com/
Geeta Venture,geetaventure4@gmail.com,,https://geetaventure.com/
Agrahya overseas pvt Ltd,info@agrahya.com,9924459967.0,https://agrahya.com/
Excelsource International Private Limited,info@excelsource.co.in,6358864597.0,https://excelsource.co.in/
KOSHAMBH MULTITRED PVT. LTD.,info@koshambh.com,2652334401.0,http://www.koshambh.com/
Palvi Industries Limited,info@palvichemical.com,2652796401.0,http://www.palvichemical.com/
Genex Exports,info@genexgroup.net,8401988889.0,http://www.genexgroup.net/
EARTH INTERNATIONAL IMPORT AND EXPORT,your.email@company.com,,http://www.earthinternationalexport.com/
Arigato Imports & Exports,arigato8449@gmail.com,8919181294.0,http://arigatoindia.co.in/
Sprint Exports Private Limited,marketing@sprintexports.com,9848835339.0,http://sprintexports.com/ContactUs.php
Goel Exports,info@goelexports.com,1244393900.0,https://www.goelexports.com/
Sarita Handa Exports Pvt. Ltd.,shexportsbooking@saritahandas.onmicrosoft.com,1244562500.0,http://saritahandaexports.com/
BLACKTIE ECOM PRIVATE LIMITED,apurv@blacktieecom.comv,7353982196.0,http://blacktieecom.com/
Ranvik Exports Private Limited,design@ranvikexports.com,1244369054.0,http://www.ranvikexports.com/
Nihon Needs international,needsinternational@yahoo.com,8048035897.0,https://www.needsinternational.in/
RICHA GLOBAL EXPORTS PVT LTD,pic-1@2x.jpg,,https://www.richaglobal.com/
Global Industrial Corporation,info@globalindcorp.com,8094333367.0,http://www.globalindcorp.com/
UTTAM Strips Ltd,info@uttamstrips.com,1294323650.0,https://www.uttamstrips.com/
VITAMINO INDIA PVT LTD,vitaminoindia@gmail.com,8595974264.0,http://vitamino.in/
LEPID LIFE SCIENCES PRIVATE LIMITED,info@lepidlife.com,9355243949.0,http://www.lepidlife.com/
Aakriti manufacturing pvt. ltd.,info@aakritimfg.com,9810035348.0,https://aakritimfg.com/
Dugar Overseas Pvt Ltd - Plant,care@dugaroverseas.com,9251033383.0,http://www.dugaroverseas.com/
3i Professional Services,3ipsvapi@gmail.com,9033329442.0,https://3ips.in/
Adira Exports and Imports,rajput.anujkumar@gmail.com,,https://adiraexportsandimports.com/
Divyaraj Exports Pvt.Ltd.,sales@divyarajexports.com,7573018181.0,https://divyarajexports.com/
Abhi Healthcare,info@abhihealthcare.com,8000033229.0,http://www.abhihealthcare.com/
Urja Exports,info@urjaexports.in,9327331200.0,https://urjaexports.in/
Viega India Pvt. Ltd.,customercare@viega.in,9099965787.0,http://www.viega.in/
Kheria Autocomp Ltd.,info@kheria.com,9624405645.0,http://www.kheria.com/
BOL INDUSTRIAL ESTATE GIDC SANAND 2,automotiveinfo@cooperstandard.com,,http://www.cooperstandard.com/
Rivansh Exports,info@rivanshexports.com,9824264727.0,http://www.rivanshexports.com/
SAARAAEXIM,helpdesk@tradeindia.com,9566790593.0,https://www.tradeindia.com/saaraaexim-33363051/
Matigo Exim,mathi@matigoexim.com,9600502409.0,http://www.matigoexim.com/
Aruma Marketing - AM Export Training Academy,aruma.marketing@gmail.com,9791733321.0,http://www.arumaexports.in/
Nirguna Import Export LLP,info@nirgunaindia.com,9922921242.0,https://nirgunaindia.com/
Bora Export,boraexports@gmail.com,9850192611.0,https://www.boraexport.com/
Godwit Freight Forwarding Pvt. Ltd.,sales@godwit.co.in,9096263575.0,https://godwit.co.in/
24thmile,sales@24thmile.com,7709065277.0,http://www.24thmile.com/
VSP GLOBAL TRADING,vspconglomerate@gmail.com,7973734747.0,https://vspglobaltrading.com/
AZAD NEXUS| Best rice exporter in Maharashtra pune india,azadnexus.global@gmail.com,7058779219.0,https://azadnexus-iyc.caffeine.xyz/
ASPL GLOBAL TRADE,anitalad09@gmail.com,9923222200.0,https://asplglobaltrade.com/
Mahaveer Distributors | Holistic Growth,salesblr@mahaveerdistributors.com,9686495522.0,http://mahaveerdistributors.com/
RR Stock,investorquery@rrfcl.com,,http://rrstock.in/
Durga Trading Company,thanvioffice@gmail.com,1123932051.0,http://www.durgatrading.in/
BearStreet Research & Analysis Pvt. Ltd,support@bearstreet.in,9971166995.0,https://www.bearstreet.in/
Central Trading Company,info@centraltrading.in,2231561367.0,http://www.centraltrading.in/
Stock Market Mentor - Stock Market Trading Coach & Technical Analysis Bangalore,contact@stockmarketmentor.in,8147036979.0,https://www.stockmarketmentor.in/
Royal Trading Company,info@royaltradingcompany.net,9845805622.0,http://www.royaltradingcompany.net/
Azeez Trading Company,enquiry@azeeztrading.com,8041600651.0,https://www.atctools.com/
A.S. Trading Company,ismail_astc@yahoo.com,9886200987.0,https://site.dgtechsoln.com/a-s-trading-company/
Amar Trading Company - Artificial Grass | Vertical Gardens | Flooring | Wallpapers,amartradingcompany@gmail.com,9886162055.0,http://amartradingcompany.in/
Sri Bhagyalakshmi Trading Corporation,sbtc@sblfoods.com,6366366938.0,https://nfc.dgtechsoln.com/sri-bhagyalakshmi-trading-corporation/
Standard Trading Company,stcind@hotmail.com,9885339786.0,https://www.stchyd.com/
M.H.Trading Corporation Industrial Equipment Suppliers Chennai,mhtrcorp2018@gmail.com,4442061155.0,https://mhtrcorp.com/
Bharat Trading Corporation (Retail Shop),info@btc.net.in,2024478185.0,https://btc.net.in/
Akshat Stock Market Training Hub - Best Share & Stock Market Course Training in Ahmedabad,akshatstockmarkettraininghub@gmail.com,9099924637.0,https://www.akshatstocktraining.com/
Relitrade Stock Broking Private Limited,abc@abc.abc,7968199999.0,https://www.relitrade.in/
Steel Trading Company,admin@steeltrading.in,9824153830.0,http://www.steeltrading.in/
Delhi Trading Corporation,delhitradingcorporation@rediffmail.com,9982221215.0,http://www.dtcgroup.co.in/
HINDUSTAN TRADECOM PVT LTD,email@address.com,1414069600.0,https://www.htplonline.com/
Supreme Trading Company,info@site.com,9012003883.0,https://www.supremetradingcompany.co.in/
Northern India Trading Company,nitc@nitcgroup.com,1292252697.0,http://nitcgroup.com/
Nayak Trading Company( HARDOX Wearpart Center),info@nayaktradingcompany.com,9811639772.0,http://www.nayaktradingcompany.com/
ROYAL TRADING COMPANY,mailtortc@gmail.com,8586898689.0,https://www.royaldigiworld.in/
AK Trading Company,info@akgsteels.com,9811845453.0,http://www.akgsteels.com/
Sidhvinayak Trading Company,sidhvinayaktrading@gmail.com,8840015181.0,http://67b1c5a983963.site123.me/
Five Star Trading Company | Trolley Wheels and Caster Wheels Supplier |,fivestartradingtc@rediffmail.com,7122774739.0,https://sites.google.com/view/five-star-trading-company/home
JAIN TRADING COMPANY - TEJ AMRIT TEA,jtcbpl@gmail.com,9425011192.0,https://teaondoor.com/
Sri Balajee Trading Co,sribalajeetradingco23@gmail.com,8084804364.0,http://www.sribalajeetrading.com/
Mahesh Trading Co.,mtc.pat@gmail.com,9334236559.0,http://maheshtrading.in/
Milan Trading Company,mtcbaroda1993@gmail.com,9426679291.0,https://www.feezital.com/milantradingcompany
Dynamic Trading Co Cbe,dtccbe@dynamictrading.co.in,9789241548.0,http://www.dynamictrading.co.in/
Indian Trading Company,contact@carysil.com,9360948435.0,http://www.carysil.com/
Punit trading co.,punittrading2004@gmail.com,7014407624.0,http://www.ptchardware.com/
Balaji Trading Co,balajitrading74@gmail.com,8094187083.0,https://www.balajibearing.com/
Ganesh Trading Company Neemrana,ganeshtradingcompany2013@gmail.com,,https://www.ganeshtradingcompanyneemrana.com/
JK Cement - Diksha Trading Company,consumer.care@jkcement.com,8949135161.0,https://www.jkcement.com/
"DARSHIL TRADING - SINCE 1999 | ( FESTO | UFLOW ) & ( SS / Copper TUBE ,SS /Brass FITTINGS & Automation VALVES)",info@darshiltrading.com,9033615600.0,http://www.darshiltrading.com/
Havells Galaxy - Mahalaxmi Trading Company,customercare@havells.com,9712993709.0,https://havells.com/
Annai trading corporation,annaitrading@gmail.com,9003934603.0,http://annaitrading.com/
VinothTraders,vinoth.traders2020@gmail.com,9884807677.0,http://www.vinothtraders.in/
Spectra Trading Company,sales1@spectra-aeron.com,9822498775.0,http://www.spectra-trading.net/
M/s.Global Trading Co.,sales@globaltc.in,9699375959.0,http://www.globaltc.in/
AMBICA TRADING CORPORATION,sales@ambicatrading.com,8048965114.0,http://ambicatrading.com/
S S Trading Corporation,info@sstradingcorp.com,9900117407.0,http://www.sstradingcorp.com/
Y&H CARGO INDIA,info@yhcargo.in,,http://www.yhcargoindia.com/
Ocean Sky Logistics Private Limited,info@oceanskylogistics.in,9312065662.0,http://oceanskylogistics.in/lp/
"Zipex Global Logistics- Cargo Agent, Freight Forwarding Company in Haridwar, Delhi, Gurgaon, Noida",info@zipex.co.in,9811007329.0,http://zipex.co.in/
"AFM Logistics | China Shipping Agent I Freight Forwarding Import and Export Agents in India, Export Shipping Company",info@afm.net.in,9811931583.0,https://afm.net.in/
Sahyog Global Logistics Private Limited,raj@sahyogfreight.com,,http://www.sahyogglobal.com/
"INTERNATIONAL CARGO MOVERS - Best Freight Forwarding Company in Delhi, India | Best Freight Forwarding Agent in Delhi, India",enquiry@intcargomovers.com,,http://www.intcargomovers.com/
Easy Shipping India Pvt. Ltd.,info@esipl.org,7011755107.0,http://esipl.org/
OM Freight Forwarders Limited.,info@omfreight.com,2268099999.0,http://www.omfreight.com/
Cargosol Logistics Private Limited,info@cargosol.com,2266126000.0,https://cargosol.com/
Navbharat Shipping India Ltd,contactus@nsil.in,2243531111.0,http://nsil.in/
Mahalaxmi Freight Forwarders & Logistics,info@mahalaxmifreight.in,9321204570.0,http://mahalaxmifreight.in/
Airmax International Packers And Movers Mumbai,ranadhakadhaka@gmail.com,9320804555.0,https://airmaxpackersandmovers.com/
AGF Logistics Pvt Ltd,alphonse@agf-logistics.com,8069869661.0,http://agf-logistics.com/
AO LOGISTICS - Bangalore,naveen@aologistics.in,7022284895.0,http://aologistics.in/
Blue Skies Logistics International Courier Services,blueskieslogistics04@gmail.com,9900000455.0,https://blueskieslogistics.in/
Transys Global Forwarding Private Limited,transys@tgfworld.com,8048538882.0,https://www.tgfworld.com/?utm_source=google&utm_medium=gbp&utm_campaign=gbpwebsite
BLISS INTERNATIONAL CARGO PVT LTD,support@blissintl.in,9606972879.0,http://www.blissintl.in/
PAS Freight Services Pvt Ltd – Logistics & Freight Forwarding Bangalore,shivu@pasfreight.com,9964669797.0,https://pasfreight.com/
"HTL Logistics India Pvt Ltd, Bangalore",541@3x.png,8046552000.0,http://www.htllogistics.com/
BlueVast Maritime India Pvt Ltd,cs@bluevastindia.com,9550568413.0,https://bluevastindia.com/
Admiral Logistics,info@admirallogistics.com,9100333666.0,https://admirallogistics.com/
MADANI Travel and logistics Pvt Ltd,info@zoom4couriers.com,8686618503.0,http://www.zoom4couriers.com/
BLUE WATER LOGISTICS,info@bwl.co.in,9959558680.0,http://www.bwl.co.in/
"Air and Sea Logistics ( Customs Clearance, Air Freight, Sea Freight, AD Code)",szaheer@airsealogistics.co.in,9700986272.0,http://www.airsealogistics.co.in/
Blueline Freight Forwarders,joby@bluelinefreight.in,4040038410.0,http://bluelinefreight.in/
ALLIANCE FREIGHT EXPRESS PVT LTD,info@alliancecargo.ind.in,9841291255.0,http://alliancecargo.ind.in/
Freyer International Logistics Pvt Ltd,info@freyerinternational.com,4443191919.0,http://www.freyerinternational.com/
EasyWay Logistics,info@easywaylogistics.net,9940092997.0,https://easywaylogistics.net/
Sanguine Logistics Pvt Ltd,marketing@sanguinelogistics.com,9043999950.0,https://www.sanguinelogistics.co.in/
VK FORWARDERS,micah@micahrich.com,9122093078.0,https://vkforwarders.com/
CargoLink Express Logistics LLP,info@cargolink.in,9130069691.0,http://www.cargolink.in/
Ncube Logistics Solution India Pvt Ltd,info@ncubelogistics.com,2067635100.0,https://ncubelogistics.com/
Greenwich Meridian Logistics (I) Pvt. Ltd.,info@gmlindia.net,,http://www.gmlindia.net/
GLO IND LOGISTICS PVT LTD,suresh@gloindlogistics.com,2026167446.0,https://gloindlogistics.com/
Abhi Impact Logistics Solutions Pvt. Ltd,business@abhigroup.co.in,9579095790.0,https://impact-logistics.in/
Bluewaves Forwarder Private Limited - Freight Forwarding Agencies in Ahmedabad,sales@bluewaveslogistics.com,8690887751.0,https://www.bluewaveslogistics.com/
Kenn Global Logistics - Shipping & Logistics Company in Ahmedabad,info@kenngloballogistics.com,9879633600.0,http://www.kenngloballogistics.com/
Shree Rang Logistics Pvt Ltd,info@srlogs.com,7925605040.0,http://srlogs.com/
V-Care Group,resource@vcare.group,9099049706.0,https://vcare.group/
MAXIMA FREIGHT INDIA PVT. LTD.,cpatel@maximafreight.com,7940092000.0,https://www.maximafreight.com/
Marika Shipping & Logistics,manoj@marikashipping.com,9879537322.0,http://www.marikashipping.com/
B.V.C Logistics Pvt. Ltd.Surat,care@bvclogistics.com,18001232711.0,https://www.bvclogistics.com/
Speed Cargo Packers And Movers,rajpootvikash244@gmail.com,9737200037.0,https://speedcargopackers.co.in/
Boost Shipping & Logistics Pvt Ltd,info@boostshipping.in,9825462233.0,https://boostshipping.in/
Falcon Cargo,wecare@falconcargo.in,9167757763.0,http://www.falconcargo.in/
"AICS, SURAT",support@aics.in,9426052754.0,https://aics.in/
Prestige Relocation Packers & Movers,info@prestigepackers.in,7073791104.0,http://www.prestigepackers.in/
Ocean Transworld Logistic Pvt. Ltd.,info@oceantransworld.com,,http://oceantransworld.com/
VS TRANS LOJISTIK LIMITED,sundar@vstrans.in,1414665500.0,https://vstrans.in/
West Express Logistics,customerservice@westexpresslogistics.com,1414913134.0,http://westexpresslogistics.com/
Indigo Global Logistics,igl400002@gmail.com,9982122224.0,https://igl.org.in/
C&C GLOBAL LOGISTICS,ak.chikara@cncglobal.in,9721765000.0,http://cncglobal.in/
awasthi transport company - top transporter in lucknow | transport services in lucknow,team@awasthitransport.in,9670000360.0,http://awasthitransport.co.in/
AWL India Pvt Ltd - Lucknow,info@awlindia.com,1244279462.0,http://www.awlindia.com/
Sai transport service - transporter in lucknow | logistics services in lucknow,team@saitransport.in,9935569181.0,https://saitransportservices.in/
India Logistics Packers & Movers,info@indialogisticspackers.com,7217000501.0,http://www.indialogisticpackers.com/
J.B.T. Logistics,jbtlogisticsmrt@gmail.com,8923628702.0,http://www.jbtlogistics.in/
A2Z Packers and Movers Meerut,info@a2zpackersandmovers.in,9520888647.0,https://a2zpackersandmovers.in/
Shikhar Logistics Pvt Ltd,info@shikharlogistics.com,1204787750.0,https://shikharlogistics.com/
Atlas Shipping Services Pvt Ltd,asset-2@2x.png,1145290000.0,http://www.atlasdecargo.com/
Spedition India Logistics Pvt Ltd.,contact@speditionindia.com,9818140986.0,https://www.speditionindia.com/
Demira Freight Linkers India Pvt. Ltd.,info@thedflgroup.com,1204115646.0,https://thedflgroup.com/
Paradise Transport & Logistics Service,info@paradiselogistics.co.in,,http://www.paradiselogistics.co.in/
SA Consultants and Forwarders Pvt Ltd,info@sagroupindia.com,1204149100.0,https://www.sagroupindia.com/
Sangam Transport,pandeytransportnoida3@gmail.com,9355322640.0,https://sangam-transport.grexa.site/
SAL LOGISTICS PVT. LTD.,info@sallogistics.com,9911117116.0,http://www.sallogistics.com/
One Planet Cargo,info@oneplanetcargo.in,,https://oneplanetcargo.in/
Arena Worldwide Logistics Pvt Ltd,ops@arenaworldwide.com,,http://www.arenaworldwide.com/
LazerShip Logistics l International Courier Service Gurgaon,info@lazership.in,9717191719.0,https://lazership.in/
NNR Global Logistics India Pvt. Ltd.,email@gmail.com,,https://www.nnrglobal.com/asia-oceania/india/
Zayn International / Best Logistics Company in Faridabad / International Freight Forwarders,info@zaynint.com,8750104848.0,http://zaynint.com/
Global Freight Connections Pvt Ltd,gunjan@globalfreightconnections.com,9899331796.0,https://globalfreightconnections.com/
APL World Wide Logistics | Air Freight,info@aplworldwidelogistics.com,9717872211.0,https://www.aplworldwidelogistics.com/
Uniclear Logistics Pvt. Ltd.,info@uniclear.in,1294095405.0,http://www.uniclear.in/
Balaji Logistics Packers and Movers Faridabad | Packers and Movers Faridabad | Best Packers and Movers Faridabad,info@balajilogistcpackersandmovers.com,8950175944.0,https://www.balajilogistcpackersandmovers.com/
Sunshine Packers And Cargo Movers Faridabad | Logistics Service,info@sunshinepackers.com,9217147914.0,http://www.sunshinepackersandcargomovers.in/
Om Logistics Limited,omgroup@olsc.in,1145970303.0,http://www.omlogistics.co.in/
NSH Freighters Pvt. Ltd.,customer.care@nshfret.com,9212250794.0,http://www.nshfret.com/
P N D GLOBAL LOGISTICS,docs@pdgl.in,1204165949.0,https://www.pdgl.in/
Diligent Global Shipping,rashid@diligentglobalshipping.com,9818001580.0,https://www.diligentglobalshipping.com/
Freight Mart Logistics Pvt. Ltd,info@freightmartlogistics.com,1204564995.0,http://freightmartlogistics.com/
Ganpati Forwarding Agency Pvt. Ltd.,ganpati@ganpatiindia.com,9838500210.0,http://ganpatiindia.com/
Inland World Logistic Private Company,customer.support@iwlpl.in,9336229968.0,http://inlandworldlogistics.com/
Active Cargo Solutions Pvt. Ltd.,contact.acspl@activecargo.org,9766023232.0,http://activecargo.org/
Fast Logistics Nagpur (Fast forward Logistics India Pvt Ltd)),hr@fastlogisticscargo.com,2242937777.0,http://www.fastlogisticscargo.com/
HGT Transport and Carrier,hgtlogistics@gmail.com,8788681961.0,http://www.hgtlogistics.com/
R & Y Logistics,support@rylogistics.com,7122291515.0,http://rylogistics.com/
Ambe Roadways Packers and Movers Indore,packersmoversrajput1@gmail.com,7067088895.0,https://amberoadwaypackersandmovers.com/
falcon cargo indore,info@falconbus.in,7304999788.0,http://www.falconbus.in/
Anywhere Logistics - Packers & Movers | C&F | Storage | Car Transport | Bike Transport | Warehouse Shifting,info@anywherelogistics.in,9522282212.0,http://www.anywherelogistics.in/
Onnway Transport & Logistics | Packers & Movers | Truck | Container | House Hold Shifting | Domestic Moving,support@onnway.com,9111192233.0,https://www.onnway.com/
"Kalki Packers and Movers - Best Packers and Movers in Bhopal, Domestic and International Packers and Movers in India",kalkipackersandmovers@gmail.com,8827933061.0,https://kalkipackersandmovers.com/
Shree Mahakal Logistics Private Limited,office@shreemahakallogistics.com,9009108100.0,https://www.shreemahakallogistics.com/
"YaChit® - The Logistics Marketplace, Bhadbhada Rd",contact@yachit.com,9521876311.0,https://www.yachit.com/
Patna Freight Movers,patnafreightmovers@rediffmail.com,9973938044.0,https://patnafreightmovers.org/
SKYLAKE SOLUTION PVT.LTD,mital@skylakesolution.com,9122281881.0,https://skylakesolution.com/
Grand Packers and Movers in Patna | Best Packers Movers in Patna | Home Shifting | Office Shifting,grandpackerspatna@gmail.com,9971062018.0,https://grandpackersandmovers.com/
Maa Sherawali Transport Service,maasherawalitranport1@gmail.com,7543040734.0,http://maasherawalitransport.com/
Destan Ship Management Pvt. Ltd.,infodestanship@gmail.com,7857888801.0,http://www.destanship.in/
Bharat Packers and Movers,bharatpackers.patna@gmail.com,9334441901.0,https://bharatpackersmovers.com/
VSL WORLD,sales@vslworld.com,9016380343.0,https://www.vslworld.com/
HIND GLOBAL EXIM LLP,info@hge.co.in,18008902757.0,https://hge.co.in/
MNR SHIPPING AND LOGISTICS,info@mnrshipping.com,9106114482.0,http://www.mnrshipping.com/
Tulsi Logistics Pvt. Ltd.,pricing@tulsilogistics.com,8980008798.0,http://www.tulsilogistics.com/
Blue Bird Logistics,bluebirdlogistics@yahoo.in,9426023653.0,http://www.bluebirdlogistics.in/
TernMax Logistics Private Limited,admin@ternmax.com,9944961612.0,http://www.ternmax.com/
ConnectOM Logistics Private Limited,key@connectom.net,9751512344.0,http://www.connectom.net/
SARVAM LOGISTICS INDIA PVT LTD,sales@sarvamlogistics.com,9751500070.0,https://www.sarvamlogistics.com/
Maxtrom Cargo Logistics Pvt Ltd,info@maxtromcargo.com,8220000223.0,https://www.maxtromcargo.com/
"LA FREIGHTLIFT PVT LTD, COIMBATORE",info@laflcargo.com,4222592498.0,http://www.laflcargo.com/
Send Easy Logistics in Coimbatore,info@sendeasylogistics.com,,https://sendeasylogistics.com/
Airlift Trans Oceanic Pvt Ltd,contact@airliftusa.com,4224206257.0,http://www.airliftusa.com/
Sravan CFS,operations@sravanship.com,8912741209.0,http://www.sravanship.com/
Alliance Shipping And Logistics,sridhar@allianceshipping.in,9866699971.0,http://www.sisyp.com/dir/vizag/clearing-forwarding-agents/alliance-shipping-and-logistics/
Seaways Shipping And Logistics Limited,info@seawaysindia.com,8912562277.0,http://www.seawaysindia.com/
ORCA LOGISTICS PVT LTD,saitejasampathi@orcalogistics.in,8913134068.0,https://www.orcalogistics.in/
Leo Shipping and Logistics,info@leoshippingandlogistics.com,8912722176.0,http://leoshippingandlogistics.com/
MEGASEA SHIPPING & LOGISTICS PVT. LTD,sagi@megaseashipping.com,8912532112.0,http://megaseashipping.com/
seashell logistics pvt ltd,info@seashellgroup.in,8912513839.0,http://seashellgroup.in/
ASL FREIGHT AND LOGISTICS,info@asllogistic.in,7017551243.0,https://asllogistic.in/
MAX logistic packers movers,info@maxlogisticpackers.com,8860651488.0,https://maxlogisticpackers.com/
Gati Cargo Car Transport Pvt,info@gaticourierpackersmovers.com,,http://gaticourierpackersmovers.com/
MAGNET CARGO,info@magnetcargo.com,9599609192.0,http://www.magnetcargo.com/
VRL Logistics Ltd - Bhiwadi,customercare@vrllogistics.com,9309088420.0,https://vrlgroup.in/vrl_logistics_service.aspx
First Relocation Packers and Movers,firstchoicerelocationsindia@gmail.com,9116904455.0,https://firstrelocationpackersmovers.com/
J P ROAD CARRIER,jproadcarrier@gmail.com,9414215193.0,http://jproadcarrier.com/
Guru Logistics,info@gurulogistics.in,9374007566.0,http://gurulogistics.in/
SHREE KARNI CARGO CARRIER,info@karnicargo.com,8347889888.0,http://www.karnicargo.com/
Griffen Logistics,info@griffenlogistics.com,2614000680.0,https://griffenlogistics.com/
Kalptaru Xpress Cargo Pvt Ltd.,service.kalptaru2005@gmail.com,9374022251.0,http://kalptaruxpresscargo.com/
Metro Relocation and Transportation Vapi | Packers And Movers In Vapi | House Relocation Comapany in Vapi,info@metropackermovers.com,9250096009.0,https://metropackermovers.com/
Aadhya Freight Forwarders Pvt. Ltd.,global@aadhyashipping.com,8490833553.0,http://aadhyashipping.com/
The Thar Dry Port,jdhmkt@thethardryport.com,2717612100.0,http://www.thethardryport.com/
Excel Air Cargo & Logistic | Freight Forwarding Agent | International Courier | Air Cargo | Rail Cargo | Sea Cargo,info@excelaircargo.com,9825065945.0,https://excelaircargo.com/
Deccan Logistics Solutions India Pvt Ltd,info@deccanlogistics.in,4344277611.0,http://www.deccanlogistics.in/clients
SRD Logistics Pvt Ltd,info@srdlogistics.com,7339659765.0,https://www.srdlogistics.com/
Sree Exim Solutions,sk@sreegroup.net,,https://sreegroup.net/
"Pearl ports and warehousing p ltd.,",info@pearlgroup.in,2227560169.0,http://www.pearlgroup.in/
DHL Express (India) Pvt. Ltd,expressmaaspr@dhl.com,8035469595.0,https://locations-in.express.dhl.com/courier-service-in-vrp-chatram-chennai-tamilnadu/home
Sahara Cargo,md@saharacargo.in,7040877777.0,http://www.saharacargo.in/headoffice1.html
TCI FREIGHT,care@tcifreight.in,9818866824.0,http://www.tcifreight.in/
Exim Shipping & Projects Ind. LLP | International Freight Service in Pune | Cargo Services in pune,sales@eximair.com,9881239707.0,http://www.eximair.com/
Connecting Logistics Pvt Ltd.,dilip@connectinglog.com,7774004270.0,http://www.connectinglog.com/
Shivam Freight Cargo Packers and Movers,manager@sfcpm.in,9549131888.0,https://sfcpm.in/
Priya Cargo Packers & Movers,priyacargomovers1998@gmail.com,7559241108.0,http://www.priyacargomover.com/
"Kavi Logistics, Peenya, Bangalore",kavilogistics.ho@gmail.com,9343255677.0,http://www.kavilogistics.com/
Kerala Cargo Movers,info@keralacargo.com,9986313998.0,http://www.keralacargo.com/
"Falcon India - Custom House Agent Delhi TKD, Best CHA Company In Tughlakabad, China Sea Shipping Forwarding Agent In Delhi",cargodeal@falconfreight.com,9717381333.0,https://falconfreight.com/total-communication/
HMR Spedition Private Limited,info@hmrspedition.com,9910920557.0,https://www.hmrspedition.com/
TransTake Shipping Solutions Pvt Ltd - Customs Clearing Agent Mumbai,info@transtakeshipping.com,7774002004.0,http://www.transtakeshipping.com/
Swarex Shipping - Customs Clearing Agent Mumbai,hello@swarex.com,7399779797.0,https://www.shippingaviation.com/custom-clearing-agent-mumbai.html
SWAREX LOGISTICS LIMITED - Customs Clearance Services in Mumbai,info@swarex.com,7399779797.0,https://swarexlogistics.com/
M S Mehta & Co - #1 Customs Clearance Agent,flags@2x.webp,9870971171.0,https://msmehta.in/
Rao Clearing Agency,blr@raoclearing.com,9945276717.0,http://www.raoclearing.com/
INLAND CONTAINER DEPOT CUSTOMS AREA,ccu-cusblr@nic.in,,http://www.bangalorecustoms.gov.in/
Pacific Sea & Skylinks Private Limited,contact@pacific-shipping.com,9844081113.0,http://www.pacific-shipping.com/
International Clearing & Shipping Agencies,icsa@icsagroup.com,4027761716.0,http://www.icsagroup.com/
Cargomen Logistics (India) Private Limited,sales@cargomen.sgvishakapatnamcity,,http://www.cargomen.com/
Custom House,pcommr7acc-cuschn@gov.in,4425246800.0,http://www.chennaicustoms.gov.in/
KLH MOVERS,team@latofonts.com,,http://www.klhmovers.com/
Portlinks Inc,portlinksquotations@gmail.com,9710935933.0,https://www.portlinksinc.in/
Meraki Carriers Private Limited,info@merakicarriers.in,8122037781.0,http://www.merakicarriers.in/
Shree Gayatri Clearing Agency,docs@trucking.com,9898154141.0,http://www.shreegayatri.co.in/
Gatistvam And Co,info@gatistvamandco.com,7927540025.0,http://www.gatistvamandco.com/
Regius International Cargo Private Limited,sudhakar@regiusintlcargo.com,7600074661.0,https://www.regiusintlcargo.com/
Kargo King Express Pvt. Ltd.,sales@kkepl.co.in,7948943444.0,https://kargoking.co.in/
Kompass Logistics & Exim Solutions,mail@kompasslogistics.com,7940097107.0,http://kompasslogistics.com/
ARN Packers And Movers Surat,arnpackers2011@gmail.com,9328179951.0,http://arnpackersmovers.com/
Balar Overseas,balaroverseas@gmail.com,9898977266.0,http://www.balaroverseas.com/
KALINDI CUSTOM BROKER,kalindicustoms@gmail.com,9887438108.0,http://www.kalindicustoms.com/
e Solutions,info@getesolution.com,9785388888.0,https://getesolution.com/http://getesolution.com/ad-code-registration/
JM Exim Services,jmeximservice@gmail.com,,http://www.jmeximservices.com/
Express Cargo Packers And Movers,info@ecpm.in,8094543434.0,https://ecpm.in/
Custom Broker and Forwarding Agent,vinayakcargos@gmail.com,9414077908.0,https://vinayakcargoes.com/
Meerut Packers Movers,info@packersmoversmeerut.com,8755334964.0,http://www.packersmoversmeerut.com/
Nitco Logistics Pvt. Ltd.,crm@nitcologistics.com,9906095288.0,http://www.nitcologistics.com/
Emirates Ocean Express Ship Pvt Ltd,export@emiratesshippings.com,8595057905.0,https://www.emiratesshippings.com/
Titanic Ocean Services Private Limited.,info@titanicservices.com,2245403300.0,https://www.titanicservices.com/
United Seair Private Limited,md@unitedseair.com,9810186275.0,https://unitedseair.com/
Expedite Impex Private Limited,info@expedite-world.com,9560990181.0,http://www.expedite-world.com/
Balaji Logistics and Clearing Services,info@blcfreight.com,,https://blcfreight.in/
Gateway Distriparks Limited,customerservice@gatewayrail.in,1242276321.0,http://www.gatewaydistriparks.com/
Associated Container Terminals Limited,info@actlindia.com,1294259300.0,http://www.actlindia.com/
All-Ways Logistics India Private Limited,info@allwayslogisticsgroup.com,,http://www.allwayslogisticsgroup.com/
MIDLAND CONTRIVERS,accounts@mindlandcontrivers.com,9818276578.0,http://midlandcontrivers.com/
Skyhigh Solutions,admin@skyhighsolution.com,9811218869.0,https://skyhighsolution.com/
UNIVERSE LOGISTIC SOLUTION,sales@universelogistic.com,7310465656.0,https://www.universelogistic.com/
U S Enterprises,enterprises-logo-white@2x.png,9823387881.0,https://usenter1.com/
BIX Exim,impallari@gmail.com,9325892528.0,https://bixexim.com/
Relocate Packers and Movers - Best Packers and Movers Nagpur,info@relocatepackersandmovers.com,9371399299.0,https://relocatepackersandmovers.com/
Asian Exim Services,office@glocalasia.in,7122554977.0,http://glocalasia.in/
Narmada Packers And Movers Pvt Ltd | Best Movers And Packers | Home Shifting | Packers And Movers Bhopal,narmadapackers@gmail.com,7225913199.0,https://narmadapackersmovers.in/packers-and-movers-in-bhopal/
Leader Relocations,info@leaderrelo.com,9431278041.0,http://www.leaderrelo.com/
Lexicon Freight International Pvt. Ltd.,info@lexicongroup.co.in,9879809863.0,http://www.lexicon-group.co.in/
Channel Freight Services India Pvt Ltd,info@cfsipl.com,9879098074.0,https://cfsipl.com/
ICD Rewari,info@scmxpress.com,1274298987.0,https://scmxpress.com/
Blue Dart Express LTD,customerservice@bluedart.com,,https://www.bluedart.com/
My Movers and Packers,info@mymover.in,9166668369.0,https://mymover.in/packers-movers-neemrana/
WorldWide Logistics (India) Pvt. Ltd.,info@go2wwl.in,4422328888.0,https://www.go2wwl.in/
Zi Lines Logistics Private Limited,customercare@zilineslogistics.com,9840056578.0,http://zilineslogistics.com/
Sanjeev Logistics Packers And Movers Rajajinagar | Laggere,info@sanjeevpackers.in,9148914813.0,http://www.sanjeevpackers.in/
Harsh International Packers And Movers,info@harshpackers.in,7406994871.0,http://www.harshpackers.in/
SRC Packers And Movers Bangalore | Packers And Movers in Bangalore| Movers And Packers Bangalore,info@srcpackersmovers.in,9992604674.0,https://srcpackersmovers.in/
Alpha kkc Logistics India Private Limited,cust@alphakkclogistics.com,1141355555.0,http://www.alphakkclogistics.com/
Mehta Transport Corporation | Best Logistics Company | Transportation Services | Parcel Booking Service | Full Truck Load Service Provider,info@mtcoi.in,9718641641.0,https://www.mehtatransportcorporations.com/
Manish Logistics India,info@manishlogistics.in,9910737876.0,https://www.manishlogistics.in/
Om Trans Logistics Ltd,info@omtrans.in,1148316700.0,https://www.omtrans.in/
Alwick Logistics Pvt Ltd,info@alwick.in,7404121000.0,http://www.alwick.in/
Inciflo,info@inciflo.com,8291540681.0,https://inciflo.com/
OSO Logistics,cs@osohire.com,9090909196.0,https://www.osohire.com/
Mega Freight Movers Ltd,enquiry@megaltd.net,,https://megaltd.net/
Top Logistics,admin@toplogistics.in,9152802809.0,https://www.toplogistics.in/?utm_source=gmb_listing&utm_medium=organic
Express Global Logistics,express@expressworld.com,2266339898.0,https://exglogistics.com/
Yash Raj Logistics,admin@yashrajlogistics.co.in,2222626718.0,http://yashrajlogistics.co.in/
Godamwale 3PL & Fullfilment Warehouse in Karnataka,info@godamwale.com,8291540681.0,https://godamwale.com/
Bombay Logistics,accounts@bombaylogistics.com,7090744744.0,https://www.bombaylogistics.com/
BUDGET LOGISTICS AND PACKERS BANGALORE | InterCity Packers and Movers Bangalore Near Me | Movers and Packers in Bangalore,info@budgetlogisticspackers.com,9916693666.0,https://budgetpackers.com/
Globe Packers and Movers Bangalore,info@globecargomovers.com,9036364455.0,http://www.globecargomovers.com/
Renuka logistics and cargo services(international courier service),contact@renukalogistics.in,9242742996.0,https://renukainternationalcourier.in/
Bringex Logistics l Best Logistics Company in Hyderabad,hello@bringex.in,,http://www.bringex.in/
Kairos Logistics | Packers and Movers Hyderabad,kairosrelocations@gmail.com,9985770009.0,https://kairoslogistics.in/
Kronos Logistics India Pvt Ltd,info@kronoslogistics.in,4443438755.0,http://www.kronoslogistics.in/
MG Logistics Private Limited,info@marutiglobal.com,,http://marutiglobal.com/
Pacific Logistics India Private Limited,info@pacificlogistics.in,9003184466.0,http://pacificlogistics.in/
Orion Express Logistics,booking@orinexoresslogistics.com,7775800067.0,http://orionexpresslogistics.com/
RVC Supply Chain Solutions Pvt Ltd,cc@rvcsupplychain.com,8899334455.0,https://www.rvcsupplychain.com/
Broekman Logistics India Private Limited,logo-default-positive@3x.png,7926586606.0,https://www.broekmanlogistics.com/en/countries/india
JVD GLOBAL LOGISTICS,sales@jvdgloballogistics.com,9265264110.0,https://jvdgloballogistics.com/
Go Green Logistics Packers & Movers,info@gogreenpackersandmovers.com,8980004313.0,https://www.gogreenpackersandmovers.com/
BANSAL TRANSPORT COMPANY HEAD OFFICE,srtbtc17@gmail.com,9726312346.0,https://bansalfleet.com/
Kandarp Tradelinks & Services Private Limited,info@ktspl.in,1414001040.0,http://www.ktspl.in/
Khaitan Logistics Pvt Ltd,khaitan@khaitanmail.com,1414191400.0,https://www.khaitanlogistics.com/
DGS Translogistics India Pvt. Ltd.,info@dgstranslogistics.com,9649908582.0,https://dgstranslogistics.com/
FedexFly Logistics international packers and movers (opc) pvt Ltd,info@thepackersandmover.in,9670017400.0,http://www.thepackersandmover.in/
SANJU LOGISTICS PACKERS & MOVERS,sanjulogisticspackers@gmail.com,7269006980.0,http://www.sanjulogisticspacker.com/
Narayan Packers and Movers,gsnarayan56@gmail.com,9359599977.0,http://www.narayanpackersandmovers.com/
SHRI GANGA LOGISTICS,shrigangalogistics2021@gmail.com,9838886032.0,http://www.shrigangalogistics.com/
FPM Global Logistics Private Limited: Best Packers and Movers in Noida (Transportation | Warehousing & Storage),contact@friendspackersnmovers.com,9711555361.0,http://www.friendspackersnmovers.com/
Muskan Logistics Packers and Movers,muskanpackersmovers@gmail.com,9958607422.0,https://www.muskanlogistics.com/
Noida Transport,noidatransport.com@gmail.com,8755638823.0,https://noidatransport.in/
Reinforce Logistics Private Limited,harpal@reinforcelogistics.com,9910501336.0,http://reinforcelogistics.com/
Greatway Logistics Packers And Movers Noida,greatwaylogistics2019@gmail.com,9811396578.0,https://www.greatwaypackersmovers.in/
City Logistics - Packers and Movers Gurgaon,ourcitylogistics@gmail.com,9999997868.0,https://www.citylogistics.in/
Ritco Logistics,info@ritcologistics.com,1244702300.0,http://ritcologistics.com/
Budget Logistics And Packers Gurgaon | Packers and Movers | Movers and Packers | Intercity Packers and Movers in Gurgaon,budgetlogisticspackersgurgaon@gmail.com,9741793666.0,https://budgetpackersandmoversgurgaon.in/
Varuna Integrated Logistics,marketing@varuna.net,1242373214.0,https://varuna.net/
FastoGistics - Logistic Company in Gurgaon,info@fastogistics.com,8505888838.0,https://fastogistics.com/
Sampark Global Logistics Private Limited,info@samparkglobal.com,1294000870.0,http://www.samparkglobal.com/
F2F Packers And Movers - Best Movers and Packers Faridabad Haryana | Cheapest Packers and Movers in Faridabad Haryana,f2fpackersmovers@gmail.com,8130912604.0,https://www.f2fpackersmovers.com/
Sampark India Logistics Ltd,info@silpl.com,1294172452.0,http://www.silpl.rathigroup.info/
Shree Shyam Logistics,info@shreeshyamlogistics.co.in,9650375773.0,http://shreeshyamlogistics.co.in/
Flywing Balaji Logistics Private Limited,info@balajimail.com,9810214177.0,http://www.flywingbalaji.com/
Jagdamba Logistics and Warehousing,contact@jagdambalogistics.co.in,1204375800.0,https://www.jagdambalogistics.co.in/
SPECTRUM LOGISTICS,faiz@groupspectrum.com,9044300127.0,http://groupspectrum.com/
Vijay Lakshmi Transport Company,ho@vijaylakshmi.com,9935886777.0,http://vijaylakshmi.com/
SHIVA LOGISTICS PACKERS AND MOVERS,shivalogisticspackersandmovers@gmail.com,9670554761.0,https://shivapackersmovers.in/
Om Logistics Packers And Movers | House Shifting Service in Nagpur | Movers And Packers in Nagpur | Car & Bike Shifting,info@omlogisticsmovers.com,7447455001.0,http://omlogisticsmovers.com/
Carryfast Logistics Private Limited,info@carryfastlogistics.com,7316646000.0,http://www.carryfastlogistics.com/
Suryakoti Courier & Logistics – Indore | Packers Movers & Transport (Vijay Nagar),suryakoti.express@gmail.com,9584208880.0,https://suryakotiexpress.com/courier-service-in-vijay-nagar-indore-orbit-mall-branch/
Shifteasy Logistics Packers and Movers,info@shifteasylogistics.com,7049926071.0,https://shifteasylogistics.com/
Harsh Express,info@harshexpress.com,9200001208.0,http://www.harshexpress.com/
Sequel Logistics Pvt.Ltd.,customercare@sequel.co.in,,http://sequel247.com/
Dev Xps Transport,devxpstransport@gmail.com,,http://www.devxpstransport.com/
Maruti Express Logistics And Packers Pvt. Ltd. Vadodara,sales@marutipackersmovers.com,8728873000.0,https://www.marutipackersmovers.com/packers-and-movers-vadodara.html
Sahaj Logistic - A Transport Company,sahajlogistic@yahoo.com,9727609595.0,https://sahajlogisticg.wixsite.com/website
Vishwakarma Transport,info@vishwakarmatransport.com,9825959157.0,http://vishwakarmatransport.com/
Baroda Goods Transport Service Private Limited,info@bgts.in,6357225722.0,http://www.bgts.in/
Toben Logistics Solutions Pvt Ltd,scn@tobenlogistics.com,7710815414.0,http://www.tobenlogistics.com/
Gloshipping & Logistics PVT LTD,sabareesh@gloshipping.com,4222440255.0,https://gloshipping.com/
Sachin Transport Service,sachin26sts@gmail.com,9911967426.0,http://www.sachintransport.com/
Agarwal Logistic Packers And Movers,info@alpmpackers.in,9311496124.0,http://www.alpmpackers.in/
Ambika Cargo Packers And Movers,info@ambikacargopackersmovers.com,9314097189.0,https://ambikacargopackersmovers.com/
Safexpress Pvt. Ltd.,info@safexpress.com,1800113113.0,http://www.safexpress.com/
TCI EXPRESS LIMITED,info@tciexpress.in,9654855174.0,https://www.tciexpress.in/
Kunj logistics,vapi@kunjalogistics.com,,http://www.kunjlogistics.com/
Bansal Logistics India – PTL & FTL Services,info@blirapid.com,9687448434.0,http://www.blirapid.com/
Skylight Logistics LLP,info@skylight-logistics.com,9898227229.0,http://www.skylight-logistics.com/
Home Care Logistic Packers & Movers,contact@homecarepackersmovers.in,8799611392.0,https://homecarepackersmovers.in/
Lalji Mulji Transport Co,mumbaiho@lmtco.com,7285808882.0,http://lmtco.com/
SANAND V-Trans,info@vtransgroup.com,9327110188.0,http://www.vtransgroup.com/
WinEx Logistics ( India ) Pvt Ltd,customersupport@winex.in,9891966048.0,http://www.winex.in/
YCH Logistics India Private Limited,connect@ych.com,4437173200.0,http://www.ych.com/
Bullet Logistics India Pvt Ltd-Chennai,admincorporate@bulletlogistics.in,9344590432.0,http://www.bulletlogistics.in/
Hitro logistics private limited unit 7,sriramkanakaraj@gmail.com,,http://www.hitrologistics.co.in/
Chetak Logistics Ltd,email@email.com,9011020617.0,http://www.chetak.co.in/
Metrolink Logistics Pvt.Ltd.-Transporters in Pune,sales@metrolinklogistics.com,9096057151.0,https://www.metrolinklogistics.com/
Bluestar Logistic Services Private Limited Pune,business@bluestarlogistic.com,,https://bluestarlogistic.com/
OCCPL Logistics Pvt. Ltd.-Courier & Cargo Service,info@occpllogistics.com,9503877007.0,http://www.occpllogistics.com/
Deluxe Logistics Pvt. Ltd,info@suryaweb.co.in,9900037108.0,http://www.deluxelogistics.in/
Om Relocations Packers And Movers | Packers And Movers Agra | House Shifting Service,info@omrelocations.com,9557756066.0,http://omrelocation.com/
OCEAN PRIDE LOGISTICS INDIA PVT LTD.,info@oceanpridelogistics.com,1141096081.0,http://oceanpridelogistics.com/
Ocean King Shipping Services Pvt. Ltd.,delhi@oksspl.com,1146134613.0,https://www.oksspl.com/
BDG International (India) Pvt. Ltd.,bdgindia@bdginternational.com,1126808509.0,https://www.bdginternational.in/
The Great Eastern Shipping Company Ltd.,hrd@greatship.com,2266613000.0,http://www.greatship.com/
AG. Maritime Private Limited,placement@ag-maritime.com,2228590011.0,https://ag-maritime.com/
Chellaram Shipping Private Limited,mail@chellship.co.in,2222070035.0,http://www.chellship.com/
Tolani Shipping Company,tscl@tolanigroup.com,2266568989.0,https://www.tolanigroup.com/home
Columbia Aurus Ship Management Pvt. Ltd.,enquiries@columbiaaurus.com,2261112525.0,https://columbiaaurus.com/
JALVAYU LOGISTICS,girish@jalvayu.in,9845297455.0,http://www.jalvayu.in/
VEGAEXPRESS,query@vegaexpress.net,9606579002.0,https://vegaexpress.net/
Porter,help@theporter.in,,https://porter.in/rent-mini-trucks-in-bangalore?utm_source=GMB&utm_medium=organic&utm_campaign=bangalore
Consolidated Shipping Line (India) Pvt. Ltd.,inquiry@cslindia.net,8099924665.0,http://www.cslindia.net/
Jeena & Company Global Logistics,contact@jeena.co.in,4044222111.0,http://www.jeena.com/
Nautilus Shipping India Private Limited,hello@nautilusshipping.com,4446849999.0,http://www.nautilusshipping.com/
KATHAT LOGISTICS,info@kathatlogistics.com,8955339036.0,http://www.kathatlogistics.com/
FALCON International Courier Service & Domestic Courier Services,falconcourier.org@gmail.com,2026145463.0,https://www.falconcourier.org/
Shipco IT Pvt. Ltd.,pnq@shipco.com,9028067594.0,http://www.shipco-it.com/
Westline Ship Management Pvt Ltd,info@westlineshipping.com,7940031333.0,http://westlineshipping.com/
HIND SHIPPING AND LOGISTICS,info@hindshipping.in,7949170167.0,http://www.hindshipping.in/
"Chips International Courier - Global Shipping & Logistics Service - Fastest International Parcel USA, UK, Canada & Worldwide",mail@mail.com,9998145149.0,https://chipsinternational.in/
Sainx Import Export And Cargo Services Private Limited,care@sainx.in,9909833321.0,https://sainx.in/
On Point Express - Domestic & International Courier Service,courier@onpoint.in,7827078270.0,https://onpoint.in/
WEIT PRIME PRIVATE LIMITED JAIPUR,support@weitprime.com,7610994433.0,https://www.weitprime.com/
D Marine Shipping Services,d.marineshippingservice123@gmail.com,7033213945.0,https://dmarineshipping.in/
Elegant Marine Services Private Limited,nick.roe@mtinetwork.com,5224024685.0,http://www.fleetship.com/
DHL Blue Dart Service Point,expresslkosb1@dhl.com,8035469382.0,https://locations-in.express.dhl.com/courier-service-in-chandralok-lucknow-uttar-pradesh/home
DHL Blue Dart Service Point,expresslko1@dhl.com,8035469381.0,https://locations-in.express.dhl.com/courier-service-in-hazratganj-lucknow-uttar-pradesh/home
Indian International Packers and Movers Meerut,iipm2021@gmail.com,8791203145.0,https://www.indianpackersmeerut.com/
Khushi Packers and Movers,info@khushipackers.com,8445444455.0,https://khushipackers.com/
Ravi International Courier and Cargo Services,courierservices201@gmail.com,9999658974.0,https://raviexpress.in/
Centennial Maritime Venture Pte. Ltd,office@cmvpl.com,1204307100.0,http://cmvpl.com/
Noida Packers,noidapackers.co.in@gmail.com,8477880359.0,https://www.noidapackers.co.in/
Standard Packers & Movers,info@standardpackersmovers.in,9311567029.0,https://standardpackersmovers.in/
Antares Marine India Pvt Ltd,contact@antares-marine.com,1244009403.0,http://antares-marine.com/
Murliwala Cargo Movers I Packers and Movers I Movers and Packers I Domestic Packers and Movers Gurgaon,info@murliwalacargomovers.in,8168382408.0,http://www.murliwalacargomovers.in/
Hind Global Packers and Movers-Packers And Movers Faridabad,info@hindglobalgroup.com,9878324403.0,http://hindglobalgroup.in/
Dhaka Packers And Movers In Faridabad Haryana,info@dhakamoversandpackers.com,9991097094.0,https://www.dhakamoversandpackers.com/
SR Packers and Movers best Movers and packers Faridabad Haryana Faridabad cheapest Packers and movers in Faridabad,srpackersmoversfbd@gmail.com,9205848761.0,https://srmoversandpackers.in/
OM Packers & Movers,info@ompackersindia.com,9810205933.0,https://ompackersindia.com/ghaziabad-packers-movers-uttar-pradesh
DHL Express (India) Pvt. Ltd,expressdelgzb@dhl.com,8035469377.0,https://locations-in.express.dhl.com/courier-service-in-naya-ganj-ghaziabad-uttar-pradesh/home
Maurya Transport Co. Ghaziabad,info@mauryatransportco.com,8285662695.0,https://mauryatransportco.com/
DHL Express (India) Pvt. Ltd,expressknu1@dhl.com,8035469380.0,https://locations-in.express.dhl.com/courier-service-in-colonelganj-kanpur-uttar-pradesh/home
Vogelin Marine Venture Pvt. Ltd - Nagpur Branch,info@vogelinmarine.com,7028432612.0,https://www.vogelinmarine.com/
DHL Express (India) Pvt. Ltd,expressidr1@dhl.com,8035469309.0,https://locations-in.express.dhl.com/courier-service-in-shivaji-nagar-indore-madhya-pradesh/home
RCPL Logistics Pvt. Ltd,info@rcpl.net.in,7869507714.0,http://rcpl.net.in/
DHL Express (India) Pvt. Ltd,express.idrssi@dhl.com,8035469310.0,https://locations-in.express.dhl.com/courier-service-in-snehnagar-indore-madhya-pradesh/home
GARUDAVEGA INTERNATIONAL COURIER SERVICE INDORE,care@garudavega.com,9133655522.0,http://www.garudavega.com/
Blue Bird,info@bluebirdshipping.in,6122321832.0,https://www.bluebirdshipping.in/
BERNHARD SCHULTE SHIP MANAGEMENT (I) PVT. LTD.,umesh.lulla@bs-shipmanagement.com,9835245091.0,http://www.bs-shipmanagement.com/
Sea Freight Zone (Global Forwarding),mail@sfzone.in,8754442974.0,http://www.sfzone.in/
DHL Express (India) Pvt. Ltd,expressvpi@dhl.com,8035469467.0,https://locations-in.express.dhl.com/courier-service-in-imaran-nagar-vapi-gujarat/home
Om Turanth Express (Ankleshwar),contact@omtutrant.com,9512698705.0,http://www.omturanth.com/
DHL Express (India) Pvt. Ltd,expressank@dhl.com,8035469455.0,https://locations-in.express.dhl.com/courier-service-in-taibab-nagar-ankleshwar-gujarat/home
Vijay Packers and Movers and Transport Services,info@vijaypackersandmovers.in,9677677332.0,https://vijaypackersandmovers.in/packers-movers-hosur.html
Sandhu Roadlines Pvt Ltd,info@sandhuroadlines.com,9370807474.0,http://www.sandhuroadlines.com/
FLYSHIP GLOBAL SHIPPING PVT LTD,exim@flyshipglobal.com,7030138787.0,http://flyshipglobal.com/
Smile Delhi - The Dental Clinic,info@dentalclinicdelhi.com,9811106377.0,https://www.dentalclinicdelhi.com/?utm_source=gmb
Dent Ally,infodentally@gmail.com,9266665081.0,https://ad.dentally.in/
"Clove Dental Clinic - Daryaganj, Delhi",care@clovedental.com,1169271072.0,https://clovedental.in/dentist-near-me/delhi/daryaganj?utm_source=website&utm_medium=gmb&utm_campaign=Daryaganj_GMB
Focus Dental Clinic,info@focusdentalindia.com,8929265020.0,https://www.focusdentalindia.com/
The Dental Bond,info@thedentalbond.com,9892781987.0,https://thedentalbond.com/
Sparkle Dental Care,kayannush@sparkledentalcare.co.in,9967733736.0,http://www.sparkledentalcare.co.in/
"My Smile Dental Clinic Andheri West, Mumbai",info@mysmiledentalclinic.com,9819931333.0,https://www.mysmiledentalclinic.com/
SmyleXL Dental Clinic Mumbai Central,hello@smylexl.com,7420963040.0,https://smylexl.com/dental-clinic-in-mumbai-central/
Holy Dental Care,u003cno-reply@mail.remedo.io,9987528343.0,http://www.holydentalcare.com/
"Beyond Smiles – Best Dental Clinic in Kanakapura Road, Bangalore",drshobithshetty@gmail.com,9886724383.0,https://beyondsmiles.co.in/dental-clinic-kanakapura/
"Pinak Dental Clinic - Advanced Dental, Root Canal, Implant, Invisalign, Braces, TMJ & Orthodontic Clinic",pinakdentalclinicblr@gmail.com,8404007002.0,https://www.pinakdentalclinic.com/
Chisel Dental Clinic,chiseldentalclinics@gmail.com,9972117009.0,https://www.chiseldental.co.in/
Sky Dental Clinic - Dental Implant Koramangala,skydentalhealthclinic@gmail.com,9353248386.0,https://skydentalbengaluru.zoca.com/?utm_source=googlemaps&utm_medium=googlemaps&utm_campaign=googlemaps
Amaya Dental | Best dental clinic in Bangalore | Invisalign Center | best Pediatric dentist in Bangalore,amayadental.ind@gmail.com,9591895500.0,https://www.amayadental.in/
"Best Smiles Dental Clinic - Kondapur, Hyderabad | Invisalign Provider",info.bestsmilesdental@gmail.com,9182395370.0,https://bestsmilesdentalclinic.com/
Diamond Multispeciality Dental Clinic,info@thediamonddental.com,9603023562.0,http://www.thediamonddental.com/
Dantam The Dental Lounge - Gachibowli / Hitech City,dantamclinics9@gmail.com,9912186174.0,https://www.dantamclinics.com/
Apollo Dental Clinic Adyar | Best Dental Clinic in Adyar | Dentist in Adyar | Dental Implants | Invisalign Aligners,info@.apollodentaladyar.com,9884662077.0,https://apollodentaladyar.com/
Implantree Dental Hospital,implantree@gmail.com,9840915849.0,http://implantree.com/
Malligai Dental Hospital,admin@malligaidental.com,8015022207.0,https://www.malligaidental.com/
YASH DENTAL,admin@yashdental.in,9840083283.0,https://yashdental.com/
AO Dentistry - Best Dental Clininc in Aundh,ao.dentistry@gmail.com,9657580595.0,http://www.aodentistry.com/
Deccan Dental Clinic,drpriyankasavkar@gmail.com,7387040464.0,http://www.bestorthodontistbracespune.in/
32Smiles,contact32smiles@gmail.com,7276057079.0,https://32smiles.co.in/
Dental Galaxy®,dental.galaxy.pune@gmail.com,9604480444.0,https://dentalgalaxy.in/
Smilex Dental Implant & Aligner Centers,smilex.info1@gmail.com,9765407660.0,https://smilex.co.in/
GMDC Dental Clinic - Shela - Dental clinic in Shela | Ahmedabad,thecosmetiqueclinic@gmail.com,9265030339.0,https://gmdcdental.in/
Aashu dental and multispeciality clinic,aashudental@gmail.com,9825158578.0,http://www.aashudentalclinic.com/
US Dental Clinic,info@usdental.in,8980623275.0,https://www.usdental.in/
32 Pearls Multispeciality Dental Clinic and Implant Centre,info@32pearlsdental.com,9499557474.0,https://www.32pearlsdental.com/naranpura-clinic.html
Agrawal's Multi Speciality Dental Clinic,agrawaldentistsatellite@gmail.com,7926730229.0,https://agrawaldentalclinic.com/
Teeth Care Centre® Dental Hospital [High-end Dentistry],info@teethcarecentre.com,,https://www.teethcarecentre.com/
Summirow Dental,smile@summirow.com,9377777303.0,https://www.summirow.com/
Dr Asmita's Dental Clinic,theimplantcentrecde@gmail.com,9106340618.0,https://theimplantcentre.in/
Sabka dentist,info@sabkadentist.com,9081105511.0,https://www.sabkadentist.com/dental-clinics-in-surat/majura-gate/
R.R. Dental n maxillofacial clinic,info@rrmaxfacdentalclinic.com,9737901113.0,http://rrmaxfacdentalclinic.com/
Denticare Dental Care Centre,denticaresurat@gmail.com,2612211481.0,http://www.denticareindia.com/
Vivan Dental - Dentist in Vaishali Nagar / Orthodontist in Vaishali Nagar,contact@vivandental.com,7878049715.0,http://www.vivandental.com/
Sharda Dental Hospital,info@shardadental.com,9414340674.0,https://www.shardadental.com/
Dr. Renu Dental Clinic,renu@drrenudentalclinic.com,9650935061.0,https://drrenudentalclinic.com/
Jaipur Dental Hospital,hospital@jaipurdentalhospital.com,1414022770.0,http://www.jaipurdentalhospital.com/
Dental Seva,dentalsevajaipur@gmail.com,9887798805.0,https://dentalseva.com/
Krishna Kripa Dental Clinic,hostinger5655@gmail.com,8107129712.0,http://kkdentalclinic.com/
DNG Dental Clinic-Best | Dentist | Dental Implant | Braces | Root Canal | Treatment | Clinic | Hospital | Mansarovar |Jaipur,info@dngdental.com,9636080006.0,https://dngdental.com/
Realtooth,ceo.realtooth@gmail.com,8081151128.0,https://realtooth-dental-clinic-mahanagar.zoca.ai/?utm_source=googlemaps&utm_medium=googlemapsprofile&utm_campaign=googlemaps
"Sinha Dental Clinic | Implant & Invisalign Centre, Lucknow",sinhadentallucknow@gmail.com,7800006343.0,https://www.sinhadentalclinic.com/
Surya Dental Clinic Lucknow – Dental Implants | Root Canal | Crown & Bridge | Cosmetic Dentistry in Aliganj Lucknow,care@suryadental.in,9839901239.0,https://dentistinlucknow.in/
Kansal Dental Clinic | Best dental clinic | Best dentist | Root canal treatment in Meerut,dr.puneetkansal@gmail.com,9319309550.0,http://kansalorthodonticcentre.in/
Kidwai Dental Care,emergencies@denticare.com,7500446266.0,http://www.kidwaidentalcare.com/
Reface Dental Clinic,refacedental@gmail.com,8006223199.0,https://refacedental.in/
Shree Rishabh Dev Dental Care And Implant Centre,info@srddc.com,9536579683.0,https://srddc.com/
Neo Dental Care - Best Dental Clinic in Noida,suhrab.singh@gmail.com,9755712732.0,https://neodentalcare.in/
Nayar Dental Care Centre,drrohit@nayardental.com,9999315707.0,https://www.nayardental.com/
"Complete Dental Solutions- Best Dentist | Dental Clinic in Noida Sector 70, 71, 72",completedentalsolutionsnoida@gmail.com,9315658190.0,https://completedentalnoida.com/
Impressions Dental Care,nitin13g@gmail.com,9716439909.0,http://impressionsdentalcare.co.in/
Dental Square - Dr Dhruv Anand MDS,dentalsquarenoida@gmail.com,9899709608.0,http://www.dentalsquarenoida.com/
My Dental Centre,appointment@mydentalcentre.in,7303032455.0,https://mydentalcentre.in/
?????? - ???????????????????????? ???????????? ?????? ?????????????? ???????????? | Dentist in Gurgaon | Best Dental Clinic in Gurgaon,cosmodontist@gmail.com,9910770904.0,https://www.cosmodontistindia.com/
Prof. DR. VINAYAK; SMILESSENCE-THE SPECIALIST DENTAL CENTRE,drvineetvinayak@outlook.com,9811303933.0,http://www.smilessence.co.in/
Muskaan Dentals,info@muskaandentals.com,9494947304.0,https://muskaandentals.com/
Garima Dental Clinic,garima_clinic@yahoo.in,9871033745.0,https://drgarimadentalclinic.com/multispeciality-location-gurgaon
Deep Dental Care & Treatment Centre,deepdentalcare@gmail.com,1294009939.0,https://deepdentalcare.com/
The Dental Office-Dental Implant & Root canal treatment centre,doctor.thedentaloffice@gmail.com,9971277194.0,http://www.thedentaloffice.in/
Om Dental Clinic,aggarwalhimanshudr@gmail.com,9953653757.0,http://www.omdentalfaridabad.com/
"Advanced Dental and Implant Clinic/CGHS , DMRC Empanelled / Best dental clinic in Faridabad",advanceddental9910@gmail.com,9910829333.0,http://advanceddental.co.in/
Absolute Dental Care - Dentist in Faridabad,info@absolutedentalcare.in,9971502751.0,https://absolutedentalcare.in/
Jain Dental Clinic,info@jaindentistdelhi.com,8588076706.0,https://www.jaindentistdelhi.com/
White Dental Healthcare | Dentist in Indirapuram | Braces | Implants | RCT | Aligners,whitedentalhealthcare@gmail.com,8882708708.0,https://www.whitedentalhealthcare.com/
Dr. Saket's Dental Makeover,askdrsaket@gmail.com,9454059725.0,http://www.dentalmakeover.in/
?????. ?????? ???????????? ???????????? ?????? ?????????????? ????????????,info@drvijdentalclinic.com,8573020202.0,http://drvijdentalclinic.com/
Kanpur Dental World and Implant Centre,care@kanpurdentalworld.com,9389420002.0,http://www.kanpurdental.com/
32 Pearls Dental World Clinic and Facial Aesthetic Center,info@gmail.com,8604437743.0,https://32pearlsdentalworld.com/
"Dr. Vinisha Pandey Dental Clinic, Top Dentist in Kanpur, Best Dental Clinic in Kanpur",drvinishapandeydentistry@gmail.com,6388620160.0,https://drvinishapandey.com/
Dr Arya's Dental Clinic Nagpur | Fixed Teeth In A Visit,smile@aryasdentalclinic.com,9011013232.0,https://www.aryasdentalclinic.com/
Om Dental Clinic Nagpur,omdentalnagpur@gmail.com,8308729144.0,https://omdentalnagpur.com/
DR AGRAWAL DENTAL CLINIC,dr.shraddhaagrawal31@gmail.com,9765878807.0,https://www.dentalnagpur.com/
Sabu Dental Clinic Root canal Speciality Clinic Dr Ashish Sabu Dr Snehal Sabu,ashish8dr@gmail.com,8080485836.0,http://dentistatnagpur.in/
Smile Avenue,smileavenue17@gmail.com,9822554105.0,http://smileavenuenagpur.co.in/
Smile Dental Clinic Multi Speciality Dental Clinic Implant and Laser Centre Best Dentist in Indore,smiledental364@gmail.com,9826092665.0,http://smiledentalclinicindore.in/
The Shining 32 Dental Clinic,brimekal@gmail.com,8602179039.0,https://theshining32.in/
Surana Dental Clinic,suranadentalclinic@gmail.com,9425921793.0,https://suranadentalclinic.com/
Shivaay Dental Clinic & Implant Center,info@shivaaydentalclinic.com,7869584612.0,http://www.shivaaydentalclinic.com/
Indore Poly Dental Clinic,ipdcrc@gmail.com,9425055620.0,https://www.polydental.in/
Seraphic Dental clinic in Indore | Dental Implants | Smile Design | Invisalign | Braces | Best Dentist in Indore,drvishakha@seraphicclinic.com,9993384941.0,https://www.seraphicdental.com/
?????? ???????? & ???????????? ???????? ????????????,logo@2x-sai-dental-clinic.png,9179667477.0,http://saidentalclinics.com/
"Denasia Dental Hospital - Dentist - Best Implant and Root Canal - CGHS,ESI & NABH Clinic In Bhopal",infodenasia@gmail.com,8120202052.0,https://denasia.org/
Dental Solutions,info@yourdomain.com,9826639981.0,https://silver-tanuki-898c8b.netlify.app/
Bhartia Dental Clinic,bdcbhopal13@gmail.com,8982200558.0,https://bhartiasgroup.com/
Dental Comfort Zone – Best Dentist in Patna | Implants | Smile Design | RCT,dcz.patna@gmail.com,6200824485.0,http://patnadentalcare.com/
Magadh Oro Dental - Implant & Orthodontic Clinic,magadhorodentalpatna@gmail.com,9798999722.0,https://magadhorodental.com/
"COSMODENT •BEST DENTAL CLINIC PATNA• Dr. PRERNA| BDS, MDS, FMC(GERMANY) | RCT SPECIALIST & COSMETIC DENTIST",drprernapriya@gmail.com,9262579222.0,https://drprernapriya.com/
Earth Dental Hospital - Dentist in Patna,earthdentalhospital@gmail.com,7979893320.0,https://earthdental.org/
Vasudha Hospital and Dental Clinic in Vadodara,contact@vasudhaclinic.com,7383475241.0,https://www.vasudhaclinic.com/
Swastik Dental And Face Hospital,swastikdentalclinic2330@gmail.com,9106855351.0,https://www.swastikdentalhospital.com/
"Dantalaya Cosmetic Dental Clinic & Implant Centre, Vadodara",dantalayadentalclinic@gmail.com,9824252667.0,http://www.dantalaya.in/
Orthodontics Orthosquare,info@chandanorthodontics.com,9426330762.0,https://www.chandanorthodontics.com/
Arasu Dental Care,arasudentalcare@gmail.com,8838022157.0,https://arasudentalcare.com/
GUGU Dental Clinics,gugudentalcbe@gmail.com,9597906838.0,https://www.gugudentalclinics.com/
Dr.Kishor’s Dentistry,drkishorsdentistry@gmail.com,8122722733.0,https://kishorsdentistry.com/
"The Crown Dental Care - Trichy road (sungam , racecourse outer circle)",why-choose-image-1@2x-577x1024.png,9894335131.0,https://www.thecrowndentalcare.com/
Dr. Ruchi's Multispeciality Dental Care | Dental clinic in Coimbatore,flags@2x.png,9025227544.0,https://drruchidental.com/
"Sri Satya Dental Hospital | Best Dental Clinic in Vizag, Andhra Pradesh",srisatyadentalhospital@gmail.com,6302254317.0,https://srisatyadentalhospital.in/
"Partha Dental Clinic – Ramatalkies, Vizag | Invisalign Provider | Aligners, Braces, RCT & Dental Implants",online@sh120.global.temp.domains,7075524884.0,https://parthadental.com/dental-skin-hair-clinic-vizag-ramatalkies/?utm_source=google&utm_medium=gmb&utm_campaign=vizag-ramatalkies
Suraksha Dental Park | Best Dental Clinic in Vizag | Best Dental clinic in MVP,info@surakshadentalpark.com,9030767899.0,https://surakshadentalpark.com/
"Apollo Dental Clinic, Seethammapeta | Best Dental Clinic in Vizag | Root Canals, Aligners, Implants, Crowns",info@apollodental.in,8800881347.0,https://apollodental.in/
S S Dental Hospital Implant Centre,ssdentalh@gmail.com,9849122573.0,http://www.ssdentals.com/
Manas Dental Care,manasdentalcare@gmail.com,9652550762.0,http://manasdentalcare.com/
Verma Dental & Eye Hospital,vdehmanesar@gmail.com,,http://www.vdeh.co.in/
Dental Experts - Orthodontic and Multispeciality dental clinic,dentalexpertsbhiwadi@gmail.com,8824232823.0,https://dentalexpertsbhiwadi.com/
Medicare - Dental Clinic | Skin | implant center,drdeepikarao123@gmail.com,8882212804.0,https://medicare.net.in/?utm_source=google_profile&utm_campaign=localo&utm_medium=mainlink
? ?????? ???????????? ???????????? - Best Dental Clinic| Pediatric Dentist | Prosthodontist | Dental Implants| Best Dentist in Vapi,thedentalstudioo@gmail.com,8488851234.0,https://www.dentist-vapi.com/
Maatangi Dent Care Multispeciality Dental Clinic and Implant center,info@maatangidentcare.in,6353860460.0,http://www.maatangidentcare.in/
"JP Dental Clinic Jayanagar | Expert Care by Experienced Dentists – Root canals, Invisalign, Implants, Crowns, Veneers, TMJ",asset-11@2x-q3s5ex5zhwim1p3ox1ka1a7mu5ikiowtlmhiuwwjxk.png,8095939038.0,https://jpdentalclinic.co.in/
Aesthetique Dental Clinic,aesthetique.solutions@gmail.com,6364759595.0,https://aesthetiquedentalclinic.com/
Narayani Dental Clinic,narayanidentalclinic@gmail.com,9944368922.0,https://www.narayanidentalclinic.com/
ALR Dental Hospital,contact@alrdentalhospital.com,4344469928.0,http://alrdentalhospital.com/
Deekshu Dental Clinic,deekshudentalclinic@gmail.com,6379005404.0,http://www.deekshudental.com/
"SMILE CARE DENTAL CLINIC., Advanced Implant & Braces Centre",kaja.bds@gmail.com,7708126800.0,http://www.kaarnidental.com/
KANI ADVANCED DENTAL CARE,kaniadvanceddentalcare@gmail.com,8608522774.0,http://kaniadvanceddentalcare.com/
Nalam Dental Care,sweetalert2@11.js,9159671189.0,https://nalamdentalcare.in/
Ssai Smile Orthodontics Chakan | Dental Clinic in Chakan | Dentist in Chakan,shaileshsandbhor@gmail.com,9890166451.0,https://ssaismilerthodontics.edgelinktechnology.in/
Bhujbal Dental Clinic chakan ????? ??????? ???????,drbhujbal23@gmail.com,8847773232.0,https://www.drbhujbaldentalclinic.com/
Dr.Bhirud's Sweet Smile Dental Clinic,sweetsmileclinic@outlook.com,8087074677.0,http://www.sweetsmiledental.com/
Dr. Lokhande's Sai Dental Care,info@drlokhandedental.com,9673842878.0,http://lokhandesaidental.com/
"Dr. Madhuri Dental Clinic | Best Dentist in Chinchwad, PCMC",drmadhuritatiya11@gmail.com,7507558755.0,https://drmadhuridentist.in/
"Sparkle Dental Care Pimpri Chinchwad, Pune",care@sparkledentalpcmc.com,7578907578.0,https://sparkledentalpcmc.com/
AP Spatika Dantalaya - Best Dental Clinic Bangalore,contact@clinicspots.com,7892457805.0,https://www.clinicspots.com/doctor/dr-bharath-gowda--m-c
Dr. Rajeev Agarwal (Dentist),info@dentistinagra.com,9319102524.0,http://dentistagra.com/
Dr Anil Verma's Dental Clinic,info@drvermasclinic.com,9897718313.0,https://dranirudhverma.menalwell.com/
Dr. Sourabh Nagpal MDS,clinicmatrix@gmail.com,8826002000.0,https://www.delhi.dental/dr-sourabh-nagpal.php
Stunning Dentistry,info@stunningdentistry.com,7676602626.0,https://www.stunningdentistry.com/
Bombay Dental Centre,care@bombaydentalcare.com,8989538512.0,https://bombaydentalcentre.com/
Dental Solutions,drbalu2002@dsblr.com,6364312444.0,https://www.dentalsolutionsclinic.com/
Excel Dental Care Invisalign Dental Braces and Orthodontic Centre Bangalore,1exceldentalcare@gmail.com,9483151643.0,https://www.exceldentalcare.in/
Preethi Skin Hair and Laser Clinic,preethidentofacial@gmail.com,7993339434.0,https://preethiskinhairlaserclinic.com/
The Dental Specialists,dentist@thedentalspecialists.in,9959448800.0,https://www.thedentalspecialists.in/
National Dental Care | Best Dental Clinic in Kukatpally,hydndc@gmail.com,9169269369.0,https://www.nationaldentalcare.in/?utm_source=google&utm_medium=organic&utm_campaign=GMB-Kukatpally
Brite Smiles Dental Clinic,britesmiles197@gmail.com,9247146357.0,https://www.britesmilesdental.in/
Acharya Dental,acharya@acharyadental.com,4449501100.0,https://www.acharyadental.com/
Blue Dental,contact@bluedental.in,7871192939.0,https://bluedental.in/
Kalaa Dental Care,drvigneshmds@gmail.com,9790897502.0,https://www.kalaadentalcare.com/
Go-Best Dentist Baner Dental clinic for Root Canal Aligners Braces Implants,dr.sanamokashi@gmail.com,7264889986.0,https://www.gobestdentist.com/
IVORIES DENTAL,ivoriesdentalclinic@gmail.com,9898304506.0,http://www.ivoriesdentalclinic.com/
RRR Dental Clinic,rrdentalclinicofficial@gmail.com,9316601838.0,https://sites.google.com/view/rr-dental-clinic/home
Amar Medical & Research Centre,info.amrc@parkhospital.in,8337000000.0,https://www.parkhospital.in/hospital/super-multispeciality-hospital-in-jaipur?utm_source=GMB-Organic&utm_medium=gmb&utm_campaign=jaipur-profile
Dental Trendz,info@dentaltrendz.in,9829044807.0,http://www.dentaltrendz.in/
The Smiling Teeth |Best Dental Clinic in Lucknow,thesmilingteeth.care@gmail.com,8299150918.0,http://www.thesmilingteeth.com/
Kansal Dental Care,contact@drabhinavkansal.com,9808778060.0,https://drabhinavkansal.com/
Dr. Gaurav Dixit (26yrs Pract),drgauravdixit@yahoo.com,9837264911.0,https://www.deepdentalclinic.com/
Re-Hab Dental,rehabdentalcentre@gmail.com,8795006097.0,https://www.re-habdental.com/?utm_campaign=gmb
Dr Kapur’s Crowns & Canals Dental Clinic | Dentist in Gurgaon | Endodontist & Implantologist | Painless Treatment,info@crownsandcanalsdental.com,9729900001.0,http://www.crownsandcanalsdental.com/
Smile Xpertz | Dentist in Sec 56 Gurgaon,smilexpertz@gmail.com,9999928393.0,http://www.smilexpertz.com/
"Dr. Madaan - Best Dentist in Gurgaon, RCT, Implant Specialist, Dental Clinic",drnidhimadaan14710@gmail.com,9811881289.0,https://drmadaandentalclinic.com/
Dr. Kalra's Dental Centre,info@drkalradental.com,8076352444.0,https://drkalradental.com/
Dr. Futela's Dental Center,drfuteladentalcentre@gmail.com,1244011189.0,https://www.dentalgurgaon.com/
rba Dental Care,rbadentalcare@gmail.com,8860672002.0,https://www.rbadentalcare.com/
Dr.Khan Dental Clinic,swati.remedo@gmail.com,9810148906.0,https://drmohdakram.getmy.clinic/?utm_source=gmb&utm_medium=web&utm_campaign=tu
Sharma Dental Clinic Implant OPG and Braces Centre,sharmadentalclinica7@gmail.com,9868024049.0,http://www.sharmadentalclinic.co.in/
"Smile Ray Super Specialty dental clinic in Kanpur | Dentist in Kanpur | RCT & Dental Implants , Top Dentist in Kanpur",drrohitsmileray@gmail.com,9956226541.0,https://www.dentistinkanpur.com/
Chandak Dental Clinic,info@chandakdental.in,9822229911.0,https://chandakdental.in/
SMILEKRAFT,smile@smilekraftnagpur.com,8605071200.0,https://www.smilekraftnagpur.com/
DENTORAL,dr.amitkhare@newweb.dentoral.in,9981665065.0,https://dentoral.in/
Smile Care Dental Clinic,drviplavvipalv@gmail.com,9300117987.0,https://www.drjoshismilecare.com/
"Dr. Aishwarya, B.D.S, M.D.S (Gold Medalist)",%20aishwaryar819@gmail.com,6307837576.0,https://bestdentistinpatna.com/
Dental Spa,drpreay@gmail.com,9537973737.0,https://www.drpreays.com/
"OrthoSquare Dental Clinic - Subhanpura, Vadodara",customercare@orthosquare.com,8071820863.0,https://dental-clinics.orthosquare.com/near-me/vadodara/Subhanpura/orthosquare-dental-clinic-in-Subhanpura-vadodara--7R54o4/home
SONI DENTAL CARE | Dental Clinic Ankleshwar | Dentist In Ankleshwar,sonidental123@gmail.com,09925139990,http://www.sonidentalcare.com/
PEARLLINE MULTISPECIALITY DENTOCARE | SMILEMAKEOVER DENTAL STUDIO | SMART AI DIGITAL DENTISTRY,info@pearllinedentocare.in,08010201080,https://pearllinedentocare.in/about.html
Pradent Braces Invisalign And Implant Dental Clinic Best Dental Clinic In Ambegaon,drprachi000@gmail.com,09206674017,http://www.pradent.in/
Dr. Shetty's Dental Centre,shettysdentalspecialitycentre@gmail.com,09823816016,http://drshettydental.in/
Apollo Dental,info@apollodentalindiranagar.com,09071055544,https://apollodentalindiranagar.com/
Specialists' Dental Clinic | Family Dentist & Smile Care,venkatesh@gamil.com,09379269195,https://drvenkateshss.drxpro.in/
D32 The Dental Centre,drgurkeeratsingh@gmail.com,09873822832,https://d32thedentalcentre.com/
Dr. Vora Dental Care,info@drvorasdental.com,08425858585,http://www.drvorasdental.com/
World Smiles dental center,contact@myteeth.in,08779397830,https://worldsmiles.in/
Masters of Dentistry MD DENTAL CLINIC,contact@mddental.in,09082965269,https://mddental.in/
Dr. Kshar's Dental Care,sanyogitakshar@yahoo.com,08591260097,https://dravinashkshar-tmjcentre.in/
HaiDent Dental Clinic,info@haident.com,09867399611,https://www.haident.com/
Arihant Dental Center,hello@arihantdental.com,08296323031,https://arihantdental.com/
Richmond dental and aesthetic centre,do-you-have-skin-problemswe-offer-the-best-treatments-for-all-sort-of-skin-problems.contact-us-today-@richmondaestheticsblr-1024x1024.jpg.bv.webp,06360743827,http://richmonddental.in/
Narayana Specialists Dental and Implant Center,care@narayanadental.com,08150010203,https://narayanadental.com/
White Art Dentistry,info@whiteartdentistry.com,08790008355,http://www.whiteartdentistry.com/
Medavakkam Chennai Dental Centre,chennaidentalcare@gmail.com,09381770890,https://chennaidental.com/
Gift Smile Dental Center,giftsmile@gmail.com,09841825855,http://www.giftsmiledental.com/
Rayen Dental Care Centre,roshanrayen77@gmail.com,04428277766,http://drroshandentistchennai.com/
ROOTZ DENTAL CARE AND IMPLANT CENTER,rootzdentalcare@gmail.com,09786688755,http://rootzdentalcare.in/
Jehangir Oracare Dental Centre,contact@jehangiroracare.com,08412050597,https://www.jehangiroracare.com/?utm_source=googlemybusiness&utm_medium=organic&utm_campaign=googlemybusiness_organic
72hrs Smile Care Center - Dental clinic Pune,enquiry@72hrssmile.com,08007272728,https://www.72hrssmile.com/
"Devs Oral Care - Dentist in Camp, Pune | Teeth Cleaning, Whitening, Dental Checkup, Dental Implants | Dental Clinic in Camp",info@devsoralcare.com,09881201966,https://devsoralcare.com/
The Dental Wellness Centre,drmableortho@gmail.com,09824277468,http://thedentalwellnesscentre.in/
Agarwal Multispeciality Dental Clinic Implant and Laser Center,info_shahibag@ahmedabaddental.com,08780232648,https://www.ahmedabaddental.com/
Pramukh Dental Care® - Dental Clinic in Ahmedabad,info@pramukhdentalcare.com,07016993042,https://www.pramukhdentalcare.com/
Total 360 Dental Care Clinic ?,dr@total360dentalcareclinic.com,08690401077,http://www.total360dentalcareclinic.com/
"Shree Rang Dental Care, Bhatar,Surat",shreerangdentalcaresurat@gmail.com,07984388247,https://shreerangdentalcare.com/
Centre For Smile Dental Clinic,drmukeshpanwar2@gmail.com,09784683694,https://centreforsmile.com/
AMD Dental Clinic,contact@amddentalclinic.com,09945826926,https://www.amddentalclinic.com/
Rama Dental Clinic & Implant Centre | best Dental Clinic in Lucknow,amay_pd@yahoo.co.in,09452065082,http://ramadentalclinic.com/
Vital Dental & Implant Centre - Best Dentist in Lucknow,azeemsdc@gmail.com,08299435911,https://vitaldentalclinic.com/
Anugrah Dental Clinic,dentalclinicanugrah@gmail.com,08795119111,https://bestdentistinlucknow.com/
Dr Naina's Smileline Dental Clinic,smileline.in@gmail.com,09910074775,https://www.smile-line.in/
Dr Pragya,niramaya.pragya@gmail.com,09650655509,https://drpragya.co.in/
Smile Dental Center,smilegardendentalimplantcenter@gmail.com,09817517241,https://smilegardenclinic.com/
DR. GARGS ROYAL DENTAL CARE,mail@drgarg.in,01202794906,http://www.drgarg.in/
"Dentistree Complete Dental & Skin Aesthetic Clinic, Dentist in Raj Nagar, Ghaziabad",info.dentistree@gmail.com,08287644824,https://dentistree.info/
The Perfect 32 Dental Clinic (Dr Madhur Navlani & Dr Srishti Navlani),info@theperfect32.com,08602238440,http://www.theperfect32.com/
Ideal Dental Care,idealdentalcareindia@gmail.com,09303899919,http://idealdentalcare.in/
Vraj Group of Dental Clinics Raopura,vrajgroupofdental@gmail.com,09427784433,https://www.vrajdentalclinic.com/
S.G Jain Multispeciality Dental Clinic and Implant center| Best Dental Clinic in Coimbatore | Dental Hospital in Coimbatore,smile@sgjaindental.com,04224508118,https://sgjaindental.com/
VEEYES DENTAL HOSPITAL,info@veeyesdental.com,09994383000,http://www.veeyesdental.com/
SRI SAKTHI DENTAL CLINIC,ashokkumarbds@rediffmail.com,09626333591,https://www.srisakthidentalclinic.in/
Sri Sowdambika Dental Clinic,ssdc2389@gmail.com,09841308033,https://ssdcdentistry.com/
"Oasis Dental Care |Best Multi Speciality Laser Dental & Implant Center by Dr.Ardra Kilaparti (BDS,GDC-ORE(UK), FFA, PG Dip UK",oasisdentalvizag@gmail.com,07799111533,https://www.oasisdental.in/
Ravi’s Dental Care & Implant Centre,help@ravisdentalcare.com,09059226691,https://ravisdentalcare.com/
COSMODENT DENTAL CLINIC,cosmodent.20@gmail.com,,https://cosmodentdental.in/
Dr. Ghuge's Dental Clinic and Implant Center,info@drghughesdentalclinic.com,09960309718,https://pradeepghuge.github.io/1/
"Orion Dental Clinic, Greater Kailash 1, South Delhi",orionodcc@gmail.com,09811501995,https://www.oriondentalcare.com/
Dr. Srijan Shilpi (Orthodontist) best dentist in saket,whitewillow.del@gmail.com,08792444005,http://www.whitewillowdentalsaket.com/
Dr. Jignesh Kothari,drjigneshkothari@gmail.com,09820291501,http://www.invisiblebraces.co.in/
The Braces Point,appointment@thebracespoint.com,09137930546,https://www.thebracespoint.com/
"Dr. Braces - Best Invisalign Provider & Dental Clinics in BTM, Bangalore | HSR Layout, Indiranagar, Jayanagar, RR Nagar",drbracesandfaces@gmail.com,07259693009,http://www.drbraces.in/
Dr. Krithika Jayaram - Best Orthodontist in Bangalore | Invisalign | Damon Braces | Spark Clear Aligners,info@email.com,09886878921,http://quintessencedental.com/
Dent Health,hello@denthealth.in,09505811811,https://denthealth.in/
VISTADENT,vistadentclinic@gmail.com,09866572482,https://vistadent.net/
Dr.Kiran Kumar -Orthodontist in Hyderabad,drsmilesdental@gmail.com,08341077321,https://drkiranorthodontist.com/
Dr. Prabhukanth,%20asiandentalhyderabad@gmail.com,09959287499,https://asiandentalhospital.com/
Brace Dental,info@bracedentalclinics.com,09912477770,https://bracedentalclinics.com/
Dr Suhas Multispeciality orthodontic and dental clinic,bracelineorthodontics1@gmail.com,09100250643,https://drsuhasdental.com/
Dr Udhayarajas Dental and Orthodontic Centre,info@drudhayaraja.com,09840307722,http://www.drudhayaraja.com/
Sahas Dental | Invisalign | Braces | Orthodontist,sahasdental@gmail.com,09363689594,http://sahasdental.com/
Oasis Dental Care - Multispeciality Dental Clinic & Orthodontic Centre (Arumbakkam),dr.deepashamej@gmail.com,07200153589,https://oasisdentalcare.co.in/
Opal Dentistry Invisalign centre,sealants@4x-100.jpg,09790868283,http://www.opaldentistry.com/
Invisalign Studio - Vineesha's Dental Clinic & Orthodontic Center,vnishachander7@gmail.com,09940299672,https://www.vineeshasdentalclinic.com/
Dr.Mathesul Invisalign Orthodontist Braces & Dental Implant Clinic,dailydentist@gmail.com,08983101099,https://dentist-pune.com/
Smile N Shine | Orthodontist in Kothrud | Orthodontic Treatment in Pune | Orthodontic Consultant in Pune,bhushanjawale1@gmail.com,09850299277,https://www.puneorthodontist.com/
Braces and Smiles MultiSpeciality Dental Clinic,bracessmilesortho@gmail.com,09168687879,https://www.bracessmiles.com/
Somani's Orthodontic & Dental Clinic - Prof. Dr. Dhaval Somani | Invisible Braces | Aligner | Implant Ahmedabad,somanidentalclinic@gmail.com,09925876444,http://www.ahmedabadorthodental.com/
Devam Orthodontic & Dental Clinic Naranpura | Invisible Braces | Invisalign Clear Aligner | Implant,drchintan1980@gmail.com,09925007513,http://www.devamdentalclinic.com/
"Dr. Patel's Dental Clinic Orthodontic & Implant Center - Braces, Aligners & Implant specialist in Ahmedabad",drpateldentalclinic@gmail.com,06359660567,http://www.drpateldentalclinic.com/
SAVANI DENTAL,savanidentalcare@gmail.com,09687338835,http://www.savanidental.com/
Dr Mittal Orthodontics,mittalpatel1989@gmail.com,08153885134,http://drmittalorthodontics.in/
Braces N Gum Care Multispecialty Dental Clinic - Best Braces / Aligners / Veneers / Teeth whitening / Smile design in Surat,wecare@bracesngumcare.com,02612210082,http://www.bracesngumcare.com/
Dr. Anirudh Agarwal,onlybracesjpr@gmail.com,09414065588,http://www.onlybraces.com/
Teethcare & Orthodontic Clinic,contact@domain.com,09772338591,https://teethcarejaipur.com/
"Smiles 'N' Braces Dental Implant and Orthodontic Center- Top Invisalign, TMJ pain & Sports Dentist",dr.anjalimehta19@gmail.com,07892393584,https://smilesnbracesdentalclinic.com/
Dental Hub Orthodontic & Implant Centre,vikashjharwal19@gmail.com,09982000019,https://dentalhubjaipur.in/
Dr. Alpana Jain,vj0026@gmail.com,08319657983,http://www.parasdentalcare.com/
Dr Akhil Agarwal,contact@sansoxygen.com,08874455556,https://orthodonticmasters.com/
ARYA Dental & Orthodontic clinic,aryadentalorthoclinic@gmail.com,08948254744,https://aryadentallucknow.in/
De-toto,aman23bhamri@gmail.com,08765180347,https://specialistdentistlucknow.com/
Dr. Vikram Jeet Singh (Smiles & Braces Dental Clinic),smilesandbracesmunshipuliya@gmail.com,09565321625,https://www.bestindiandentist.com/
?????????? ???????????? ????????????,info@ananddentalclinic.com,09412200018,http://www.ananddentalclinic.com/
DENTASMILE,info@dentasmile.co.in,09871788509,https://dentasmile.co.in/
Align & Smile Dental Care- Multi-speciality Dental Clinic,sruchi112@yahoo.com,08368912550,http://www.alignsmilenoida.com/
Dr. D.K. Singh,drdksinghdentalspecialist@gmail.com,,http://www.drdksingh.com/
The Dental Home,thedentalhomeggn@gmail.com,09205062248,https://thedentalhome.org/
Dr Gupta's Dental Implant & Orthodontic Centre,drguptadentalcentre@gmail.com,09899614642,https://www.guptadentalclinic.com/
Tooth alley™ : Best Orthodontic Clinic in Faridabad | Best Invisalign and Braces Clinic,toothalleyclinic@gmail.com,07982516895,https://www.toothalley.com/
"Dr Kanika Arora Behl BEST ORTHODONTIST & DENTIST, NIT FARIDABAD",alignwithkanika@gmail.com,08146853010,https://alignwithdrkanika.com/
"MEDISMILE: Invisalign, General Physician, Dental & Orthodontist, Skin Hair & Aesthetic Clinic",medismileclinic@gmail.com,01204270078,https://medismileclinics.com/
Dr Minase’s Orthodontic Center & Dental clinic,info@bestorthodontistnagpur.in,07276060715,https://bestorthodontistnagpur.in/
Aayush Dental Clinic and Orthodontic Care Centre,info@aayushdentalclinic.com,09822702717,http://aayushdentalclinic.com/
Dentica Clinic,dentica.nagpur@gmail.com,09766572483,https://denticanagpur.in/
Dr Atul Jajoo,info@teethandbraces.com,07477040054,http://www.dratuljajoo.com/
Dr. Virag Bhatia - Dental Oasis Orthodontic & Dental Clinic,viragbhatia@gmail.com,09826021997,https://www.dentaloasis.in/
Dr. Amit Bhardwaj,ask@bhardwajdentalclinic.com,09424488558,https://bestorthodontistinindore.in/
Arihant Dental Care: Best Orthodontist | Braces Specialist | Invisalign Clear Aligners Bhopal / Best Dentist in Bhopal,arihantdentalcarebhopal@gmail.com,06260832019,http://arihantdentalcare.com/
Confi Dental Smile Clinic - Orthodontist and Braces Specialist in Bhopal,confidental.braces@gmail.com,09632875860,https://confidentalsmileclinic.com/
The Teeth Doctor - Best Dentist in Patna | Best Dental Doctor in Patna | Best Dental Clinic in Patna,rajubabu15@gmail.com,09097733005,https://theteethdoctor.co.in/
Dr. Hada dental and orthodontic clinic,krishu1792@gmail.com,09429559687,https://drhadadental.com/
Aaress Orthodontic And Implant Dental Centre,aaressdental@gmail.com,04222555532,http://www.aaressdental.com/
UNIQ Dental Clinic | Aligner clinic | Invisalign,uniqdentalclinic@gmail.com,09940722008,http://www.uniqdentalclinic.com/
"HARMONY ORTHODONTICS | INVISALIGN CENTRE Waltair Uplands, Visakhapatnam",drprasannathathapudi@gmail.com,08500376777,https://harmonyorthodontics.in/
THE DENTAL STUDIO VIZAG - ORTHODONTIC & IMPLANT CENTRE,thedentalstudiovizag@gmail.com,06300600053,http://www.thedentalstudiovizag.com/
Papad Factory,jainsaumya012@gmail.com,09826666883,https://ashitafoods.vercel.app/
Fashion Factory,ff_mp.indore_f1je@zmail.ril.com,18008910001,https://location.reliancefashionfactorystores.com/fashion-factory-ff-indore-orange-squ-clothing-stores-phooti-kothi-circle-indore-286930/Home?utm_source=locator&utm_medium=googleplaces
Fashion Factory,ff_mp.indore_f1sg@zmail.ril.com,18008910001,https://location.reliancefashionfactorystores.com/fashion-factory-ff-indore-bpk-clothing-stores-anoop-nagar-indore-286968/Home?utm_source=locator&utm_medium=googleplaces
Maurer Sanfield India Limited,sanfield@sanfieldindia.in,07554233535,http://sanfieldindia.in/
Sagar Manufacturers Private Limited,smplqueries@thesagar.in,07552460107,https://www.sagarmanufacturers.com/
Magadh Industries Pvt Ltd,info@magadhtmt.com,09431820393,https://www.magadhtmt.com/
Camp Manufacturing Pvt Ltd,sales@campmanufacturing.in,09726419409,https://www.camp-manufacturing.com/
The Dry State Clothing Factory Outlet,ishan@thedrystate.com,09099957372,http://thedrystate.com/
The Lakshmi Mills Company Limited,contact@lakshmimills.com,04222245461,http://www.lakshmimills.com/
Sakthi Gear Products Private Limited,hr@sakthigear.com,04222364100,https://sakthigear.com/
Balu Iron and Steel Company,info@biscosteels.com,04224504500,http://biscosteels.com/
A.V.Ibrahim Machine Tools Pvt Ltd Factory,avbaseer@gmail.com,04222261123,http://www.avbellows.com/
BHARATHI FURNITURE - WOODEN FURNITURE MANUFACTURERS IN COIMBATORE,info@wellcomindia.com,09842245617,http://wellcomindia.com/listings/item/127
Ganapati Industries Clothing FACTORY OUTLET| Customized Products for Orders,ganapativastram@gmail.com,09030000088,https://ganapativastram.com/
Fashion Factory,ff_ap.visakhapatnam_f1dg@zmail.ril.com,18008910001,https://location.reliancefashionfactorystores.com/fashion-factory-ff-visakhapatnam-clothing-stores-asilmetta-visakhapatnam-286936/Home?utm_source=locator&utm_medium=googleplaces
Perfetti Van Melle,indconsumercare@perfettivanmelle.com,,http://www.perfettivanmelle.in/
Kapoor Box Factory,info@kapoorbox.com,09212411117,http://www.kapoorbox.com/
GOELA ENGINEERS - FACTORY,goela.parts@gmail.com,09810645100,http://www.ringgearpinions.com/
KEI Industries Limited,info@kei-ind.com,01126818642,http://www.kei-ind.com/
Kai Manufacturing India Pvt Ltd,info@kai-group.co.in,,http://kaigroupindia.com/
G.D. Foods Mfg. (I) Pvt. Ltd.,info@stagheaddesigns.com,09214386732,http://www.tops.in/
X2 valves vapi factory outlet,info@x2valves.in,08238790409,http://www.x2valves.in/
Pal Exports - Vapi Factory,info@palexports.com,09374844370,http://www.palexports.com/
Autoline Industries Ltd. Plant -|| chakan,enquiry@autolineind.com,02135664864,http://www.autolineind.com/
Vertex Industries,info@vertexind.in,09604255617,https://vertexind.in/
SEIMITSU Factory Automation Pvt. Ltd.,sales@seimitsu.in,02046212700,https://www.seimitsu.in/
"Exide Industries Limited, Chinchwad Factory",investor.agm2020@exide.co.in,03323023400,http://www.exideindustries.com/
ADM Engineering | Plastic Manufacturing Company in Pune | HDPE Crate | Plastic Crates | HDPE Cloth Hanger Suppliers in Pune,info@admengg.co.in,09765027666,https://admengg.co.in/
Tata Motors Pimpri plant Pune,cac@tatamotors.com,18002097979,http://www.tatamotors.com/
Star Industries,starindj173@gmail.com,09922008254,http://www.starindustriesindia.com/
Snepra Buildcon-Industrial Shed/Factory/Warehouse/PEB Shed/Structure Manufacturers & Civil Contractor in Pune/Chakan MH,sales@snepra.com,09075000030,http://www.snepra.com/
Cotmac Electronics Pvt. Ltd. Factory,info@cotmac.io,,http://www.cotmac.io/
Dynamatic Manufacturing Limited,brahd@dynamatics.net,,http://www.dynamatics.com/
